,Flare_Number,Flare_ID,Trigger_Time,Cancelled?,Max_FOXSI,Mean_FOXSI,Max_HiC,Mean_HiC,Max_FOXSI_and_HiC_C5,Max_FOXSI_C5,Mean_FOXSI_C5,Max_HiC_C5,Mean_HiC_C5,Flare_C5,Flare_Class,Flare_Max_Flux,Peak_Time,Start_to_Peak,Background_Flux,Flare_C5_10min
0,251,201704012131,544355400.0,True,5.7363155065104365e-05,4.811548933503218e-05,5.059203249402344e-05,4.0641174564370885e-05,True,True,True,True,True,True,M6.8,6.87118e-05,2017-04-01T21:48:00.000,17.0,9.480689868723857e-07,True
1,261,201704020742,544392240.0,True,4.61141207779292e-05,3.88182197639253e-05,3.937993824365549e-05,3.449951691436581e-05,True,True,True,True,True,True,M8.3,8.383287e-05,2017-04-02T08:02:00.000,20.0,1.4673271380161168e-06,True
3,268,201704021845,544431240.0,True,2.7259688067715615e-05,2.6107809389941394e-05,2.63352721958654e-05,2.532560938561801e-05,True,True,True,True,True,True,M3.2,3.239735e-05,2017-04-02T18:52:00.000,7.0,2.7225098165217787e-05,True
6,332,201704061202,544752720.0,True,4.232043920637807e-06,3.823436145466985e-06,3.88068838219624e-06,3.543430239005829e-06,False,False,False,False,False,True,C8.6,8.650007e-06,2017-04-06T12:10:00.000,8.0,3.1955863732946455e-07,True
7,404,201704181915,545818260.0,True,7.553386694780784e-06,7.181711680459557e-06,7.252142950164853e-06,6.878666226839414e-06,True,True,True,True,True,True,C8.4,8.455594e-06,2017-04-18T20:10:00.000,55.0,2.1760841661944141e-07,True
8,848,201707140105,553270200.0,True,3.6431494663702324e-05,3.581782220862806e-05,3.604653829825111e-05,3.523561099427752e-05,True,True,True,True,True,True,M3.7,3.765344e-05,2017-07-14T02:09:00.000,64.0,2.1537948668992613e-06,True
9,1060,201708192124,556451760.0,True,6.154857146611903e-06,5.027178758609807e-06,5.158098247193266e-06,4.251412519806763e-06,True,True,True,True,False,True,M1.1,1.1198944e-05,2017-08-19T21:55:00.000,31.0,6.571296466972854e-07,True
10,1062,201708200134,556465980.0,True,1.1151448234159034e-05,9.356605005450547e-06,9.625097845855635e-06,8.110627277346794e-06,True,True,True,True,True,True,M1.8,1.8591947e-05,2017-08-20T01:52:00.000,18.0,8.63975401443895e-07,True
11,1228,201709021520,557638980.0,True,7.872737114666961e-06,6.943730568309547e-06,7.077733698679367e-06,6.306271188805113e-06,True,True,True,True,True,True,M1.1,1.1840938e-05,2017-09-02T15:41:00.000,21.0,4.974916691935505e-07,True
12,1248,201709041147,557799060.0,False,1.2698179489234462e-05,1.1743593859137036e-05,1.2698179489234462e-05,1.205544776894385e-05,True,True,True,True,True,True,C8.5,8.5365855e-06,2017-09-04T12:09:00.000,22.0,2.512065520932083e-06,True
13,1249,201709041212,557799060.0,False,1.2761156540364027e-05,1.1913187336176634e-05,1.2956003047293052e-05,1.2460528523661196e-05,True,True,True,True,True,True,M1.2,1.2260593e-05,2017-09-04T12:16:00.000,4.0,8.19435535959201e-06,True
14,1250,201709041220,557799060.0,False,1.2761156540364027e-05,1.1913187336176634e-05,1.2956003047293052e-05,1.2460528523661196e-05,True,True,True,True,True,True,M1.2,1.2889551e-05,2017-09-04T12:25:00.000,5.0,1.1185922630829737e-05,True
15,1255,201709041716,557818860.0,True,5.6035423767752945e-06,5.211002644500695e-06,5.256893473415403e-06,4.976363925379701e-06,True,True,True,True,False,True,C9.3,9.330422e-06,2017-09-04T17:39:00.000,23.0,2.543574964875006e-06,True
17,1257,201709041812,557820840.0,False,1.5781266483827494e-05,1.4172214832797181e-05,1.4542520148097537e-05,1.2924334441777319e-05,True,True,True,True,True,True,M1.5,1.5713755e-05,2017-09-04T18:22:00.000,10.0,8.038347914407495e-06,True
18,1258,201709041925,557825940.0,True,2.1288591597112827e-05,1.966037780221086e-05,1.9897051970474422e-05,1.855802292993758e-05,True,True,True,True,True,True,M2.6,2.681511e-05,2017-09-04T19:37:00.000,12.0,1.8677559637580998e-05,True
19,1260,201709042022,557829780.0,True,4.706322943093255e-05,4.6419125283136964e-05,4.580058157444e-05,4.580058157444e-05,True,True,True,True,True,True,M8.4,8.48785e-05,2017-09-04T20:33:00.000,11.0,2.0442350432858802e-05,True
20,1261,201709042209,557835360.0,True,2.142560333595611e-05,2.0155866877757944e-05,2.020655301748775e-05,1.95203010662226e-05,True,True,True,True,True,True,M3.3,3.3068853e-05,2017-09-04T22:14:00.000,5.0,2.132465670001693e-05,True
21,1268,201709050633,557867100.0,False,9.624308404454496e-06,9.310656423622277e-06,9.335708455182612e-06,9.133892490353901e-06,True,True,True,True,True,True,M5.8,5.8656748e-05,2017-09-05T06:40:00.000,7.0,5.138183951203246e-06,True
22,1285,201709060852,557961120.0,True,0.00012017882545478642,0.00011428492143750191,0.00012154816067777574,0.00011552099749678746,True,True,True,True,True,True,X3.2,0.00032232684,2017-09-06T09:10:00.000,18.0,4.288362106308341e-06,True
23,1287,201709061551,557987760.0,True,1.9725192032638006e-05,1.883840923255775e-05,1.8987771909451112e-05,1.8109307347913273e-05,True,True,True,True,True,True,M4.0,4.027113e-05,2017-09-06T15:56:00.000,5.0,1.900242205010727e-05,True
24,1288,201709061917,557997180.0,False,1.8523256585467607e-05,1.4744084182893857e-05,2.0468756702030078e-05,1.7683274563751183e-05,True,True,True,True,True,True,M2.2,2.224219e-05,2017-09-06T19:30:00.000,13.0,9.099079761654139e-06,True
26,1296,201709070948,558050160.0,True,3.412568503335933e-06,3.0323815281008137e-06,3.000840024469653e-06,2.86526278614474e-06,False,False,False,False,False,True,M2.3,2.3147917e-05,2017-09-07T09:54:00.000,6.0,2.0368747755128425e-06,False
27,1302,201709071416,558067080.0,True,0.00011877037468366325,0.00011789563723141328,0.00011877037468366325,0.00011688770609907806,True,True,True,True,True,True,X2.1,0.00021885491,2017-09-07T14:36:00.000,20.0,1.4748017065358e-06,True
28,1304,201709071822,558081000.0,True,6.67823906042031e-06,5.28260306964512e-06,7.089254722814076e-06,6.020939963491401e-06,True,True,True,True,True,True,C8.1,8.105214e-06,2017-09-07T18:28:00.000,6.0,5.4180000006454065e-06,True
29,1305,201709071840,558081000.0,True,6.67823906042031e-06,5.28260306964512e-06,7.089254722814076e-06,6.020939963491401e-06,True,True,True,True,True,True,C7.0,7.040822e-06,2017-09-07T18:44:00.000,4.0,4.6586555981775746e-06,True
30,1313,201709072350,558100860.0,True,4.24181271228008e-05,3.603917139116675e-05,3.7171703297644854e-05,3.123562419204973e-05,True,True,True,True,True,True,M6.0,6.0714683e-05,2017-09-07T23:59:00.000,9.0,2.150128466382739e-06,True
31,1330,201709082330,558186420.0,True,1.8199025362264365e-05,1.519546003692085e-05,1.555353810545057e-05,1.298761799262138e-05,True,True,True,True,True,True,M3.3,3.346909e-05,2017-09-08T23:45:00.000,15.0,1.6863218661455903e-06,True
32,1335,201709090413,558203400.0,True,1.3010613656661008e-05,1.1661712960631121e-05,1.1927264495170675e-05,1.0628499694576021e-05,True,True,True,True,True,True,M1.7,1.7329297e-05,2017-09-09T04:28:00.000,15.0,3.815204763668589e-06,True
33,1339,201709091046,558227220.0,True,3.587724131648429e-05,3.437320265220478e-05,3.379920599400066e-05,3.346834273543209e-05,True,True,True,True,True,True,M5.8,5.8746886e-05,2017-09-09T11:04:00.000,18.0,1.914577069328516e-06,True
34,1340,201709091119,558227220.0,True,3.587724131648429e-05,3.402572110644542e-05,3.791832932620309e-05,3.451947122812271e-05,True,True,True,True,True,True,M4.6,4.6260717e-05,2017-09-09T11:26:00.000,7.0,3.2813863072078675e-05,True
35,1347,201709092236,558270840.0,True,1.5860021449043415e-05,1.560942291689571e-05,1.5660862118238583e-05,1.5389608961413614e-05,True,True,True,True,True,True,M1.5,1.5941661e-05,2017-09-09T23:17:00.000,41.0,3.9527662920590956e-06,True
36,1360,201709101534,558331620.0,True,0.0010723848827183247,0.0009960407624021173,0.0010115624172613025,0.0009359628893435001,True,True,True,True,True,True,X12.9,0.001293521,2017-09-10T16:06:00.000,32.0,6.74522766530572e-07,True
37,2042,201901300556,602100780.0,True,3.055433808185626e-06,2.688860377020319e-06,2.7074117951997323e-06,2.480172952346038e-06,False,False,False,False,False,True,,8.233701e-06,2019-01-30T06:11:00.000,15.0,1.956161810312551e-07,False
38,3077,202105221703,674975580.0,True,1.2645280094147893e-06,9.185629892272118e-07,8.993976621241018e-07,7.700828632550838e-07,False,False,False,False,False,True,M1.1,1.190033e-05,2021-05-22T17:11:00.000,8.0,3.4732767062450876e-07,False
39,3184,202105282219,675515700.0,True,9.211528777086642e-06,9.147827768174466e-06,9.136750122706871e-06,9.123536983679514e-06,True,True,True,True,True,True,C9.4,9.4639845e-06,2021-05-28T23:13:00.000,54.0,3.5562507605391147e-07,True
40,3302,202107030704,678568680.0,True,7.45181796446559e-06,5.373643944039941e-06,6.56167230772553e-06,3.6817018553847447e-06,True,True,True,True,False,True,M2.7,2.7347016e-05,2021-07-03T07:17:00.000,13.0,3.4340794741183345e-07,True
41,3667,202109081711,684394320.0,True,6.091598152124789e-06,5.453997346194228e-06,5.567972493736306e-06,4.982413429388544e-06,True,True,True,True,False,True,C8.3,8.342686e-06,2021-09-08T17:30:00.000,19.0,3.011730882462871e-07,True
42,3988,202110270547,688587000.0,True,5.754488938691793e-06,4.893184723187005e-06,5.059180239186389e-06,4.223014457238605e-06,True,True,False,True,False,True,C8.5,8.511597e-06,2021-10-27T06:08:00.000,21.0,3.0131852781778434e-06,True
43,4049,202111020203,689093520.0,True,1.7186304830829613e-05,1.6899088222999126e-05,1.711575168883428e-05,1.679072192928288e-05,True,True,True,True,True,True,M1.6,1.669918e-05,2021-11-02T02:51:00.000,48.0,1.6097384332169895e-06,True
44,4050,202111020257,689093520.0,True,1.7186304830829613e-05,1.6899088222999126e-05,1.711575168883428e-05,1.648713805479929e-05,True,True,True,True,True,True,M1.7,1.7176577e-05,2021-11-02T03:01:00.000,4.0,1.6243520803982392e-05,True
45,4226,202112050658,691960860.0,True,1.0197560186497867e-05,8.964344488049392e-06,9.188593139697332e-06,8.088907634373754e-06,True,True,True,True,True,True,M1.4,1.447015e-05,2021-12-05T07:19:00.000,21.0,8.100894319795771e-07,True
46,4290,202112170039,692974380.0,True,4.109634119231487e-06,3.5840300824929727e-06,3.677936092572054e-06,3.1917916203383356e-06,False,False,False,False,False,True,M1.2,1.2928216e-05,2021-12-17T00:51:00.000,12.0,9.610276947569218e-07,False
47,4322,202112201112,693272280.0,True,1.5293355318135582e-05,1.3620675417769235e-05,1.3827434486302081e-05,1.2272616004338488e-05,True,True,True,True,True,True,M1.8,1.8997242e-05,2021-12-20T11:36:00.000,24.0,6.858904271211941e-07,True
48,4484,202201140147,695397900.0,True,9.223069355357438e-06,8.056775186560117e-06,8.216449714382179e-06,7.331961114687147e-06,True,True,True,True,True,True,M1.8,1.8399107e-05,2022-01-14T02:03:00.000,16.0,4.913426892017014e-07,True
49,4516,202201181701,695799960.0,True,1.376238105876837e-05,1.3096579095872585e-05,1.3233623576525133e-05,1.2568708370963577e-05,True,True,True,True,True,True,M1.5,1.53123e-05,2022-01-18T17:44:00.000,43.0,3.577626443984627e-07,True
50,4643,202201292245,696771180.0,True,1.105020783143118e-05,1.0833919077413157e-05,1.087638065655483e-05,1.0747956366685685e-05,True,True,True,True,True,True,M1.1,1.1379663e-05,2022-01-29T23:32:00.000,47.0,2.775158691292745e-06,True
52,4770,202202121719,697958880.0,True,7.030805136309937e-06,6.795622994104633e-06,6.862471764179645e-06,6.5954627643805e-06,True,True,True,True,True,True,C8.0,8.099697e-06,2022-02-12T17:26:00.000,7.0,5.72328735870542e-06,True
53,4877,202203021731,699514860.0,True,8.20349760033423e-06,6.691652743029408e-06,6.911956461408408e-06,5.704634531866759e-06,True,True,True,True,True,True,M2.0,2.0216432e-05,2022-03-02T17:39:00.000,8.0,3.8060369433878805e-07,True
54,4921,202203112213,700310040.0,True,3.6450778679864015e-06,2.936477585535613e-06,2.9626864943566034e-06,2.5635388283262728e-06,False,False,False,False,False,True,M2.2,2.296697e-05,2022-03-11T22:32:00.000,19.0,7.034177542664111e-07,True
55,4946,202203152239,700656480.0,True,4.660667400457896e-06,4.030775926366914e-06,4.066804194735596e-06,3.6712460769194877e-06,False,False,False,False,False,True,M1.5,1.5921785e-05,2022-03-15T22:46:00.000,7.0,3.7399877328425646e-07,True
56,5014,202203281058,701739060.0,True,2.538488661230076e-05,2.253423008369282e-05,2.2951853679842316e-05,2.05633641598979e-05,True,True,True,True,True,True,M4.0,4.0606992e-05,2022-03-28T11:29:00.000,31.0,8.042014769671368e-07,True
57,5016,202203281703,701759760.0,True,9.795216101338156e-06,8.74428133101901e-06,9.175986633636057e-06,7.70683072914835e-06,True,True,True,True,True,True,C9.8,9.88722e-06,2022-03-28T17:13:00.000,10.0,3.100841695413692e-06,True
58,5017,202203281732,701760060.0,False,7.326297236431856e-06,6.683782430627616e-06,8.577096195949707e-06,7.135273335734382e-06,True,True,True,True,True,True,M1.0,1.0043233e-05,2022-03-28T17:41:00.000,9.0,6.125145318947034e-06,True
59,5019,202203281908,701767440.0,True,9.046245395438746e-06,8.336842256539967e-06,9.046245395438746e-06,8.098360922303982e-06,True,True,True,True,True,True,M1.0,1.0395133e-05,2022-03-28T19:23:00.000,15.0,4.177125447313301e-06,True
60,5020,202203282049,701773260.0,True,8.139412784657907e-06,7.480757631128654e-06,7.598945103381993e-06,7.007678050285904e-06,True,True,True,True,True,True,M1.1,1.112043e-05,2022-03-28T20:59:00.000,10.0,5.66106655242038e-06,True
61,5023,202203290057,701788380.0,True,1.560783857712522e-05,1.3941320503363386e-05,1.3978180504636839e-05,1.2805771802959498e-05,True,True,True,True,True,True,M2.2,2.219018e-05,2022-03-29T01:11:00.000,14.0,4.2299066080886405e-06,True
62,5054,202203301721,701933940.0,True,5.432923717307858e-05,4.603467823471874e-05,4.6635366743430495e-05,4.076785990037024e-05,True,True,True,True,True,True,X1.3,0.00013797796,2022-03-30T17:37:00.000,16.0,1.3100129763188306e-06,True
63,5109,202204151031,703292580.0,True,1.2735434211208485e-05,1.2565860743052326e-05,1.2735434211208485e-05,1.2638350199267734e-05,True,True,True,True,True,True,M1.2,1.2792889e-05,2022-04-15T11:01:00.000,30.0,1.5759620737298974e-06,True
64,5110,202204151107,703292580.0,True,1.2799768228433095e-05,1.2604846233443823e-05,1.3057758224022109e-05,1.2775431969203055e-05,True,True,True,True,True,True,M2.2,2.2094415e-05,2022-04-15T11:49:00.000,42.0,1.2330341633060016e-05,True
65,5111,202204151347,703301700.0,True,1.2065665032423567e-05,1.1859457117679995e-05,1.2213108675496187e-05,1.1871619790326804e-05,True,True,True,True,True,True,M1.9,1.9711175e-05,2022-04-15T13:59:00.000,12.0,1.153942048404133e-05,True
66,5123,202204161449,703393080.0,True,6.586267772945575e-06,5.841204256284982e-06,5.996892468829174e-06,5.309756943461252e-06,True,True,True,True,True,True,M1.0,1.034847e-05,2022-04-16T14:56:00.000,7.0,1.6929384401009884e-06,True
67,5128,202204180301,703524060.0,True,5.5270406846830156e-06,5.123933078721166e-06,5.221304036240326e-06,4.827986685995711e-06,True,True,True,True,False,True,C8.5,8.568086e-06,2022-04-18T03:19:00.000,18.0,1.7548005644130171e-06,True
68,5132,202204180737,703540200.0,True,7.154072136472678e-06,7.109949820005568e-06,7.154072136472678e-06,7.026245384622598e-06,True,True,True,True,True,True,M1.3,1.3610557e-05,2022-04-18T07:48:00.000,11.0,1.2911439171148231e-06,True
69,5134,202204181004,703549740.0,True,1.0347021998313721e-05,9.453339771425817e-06,9.648788363847416e-06,8.718317985767499e-06,True,True,True,True,True,True,M1.1,1.1895144e-05,2022-04-18T10:27:00.000,23.0,1.4056861346034566e-06,True
71,5143,202204200107,703689360.0,True,3.9494825614383444e-05,2.673195740499068e-05,5.2203140512574464e-05,3.7995832826709375e-05,True,True,True,True,True,True,M1.2,1.2880005e-05,2022-04-20T01:14:00.000,7.0,3.0512978810293134e-06,True
72,5144,202204200120,703689360.0,True,3.9494825614383444e-05,2.673195740499068e-05,5.2203140512574464e-05,3.7995832826709375e-05,True,True,True,True,True,True,M7.2,7.2949086e-05,2022-04-20T01:36:00.000,16.0,7.801263564033434e-06,True
73,5146,202204200341,703699140.0,True,5.6775170378386974e-05,3.8174261135281995e-05,4.0344773879041895e-05,2.597134152892977e-05,True,True,True,True,True,True,X2.2,0.00022465806,2022-04-20T03:57:00.000,16.0,1.823508341658453e-06,True
74,5154,202204201739,703749480.0,True,6.5442754930700175e-06,6.263805971684633e-06,6.445314284064807e-06,5.995001174596837e-06,True,True,True,True,True,True,C7.7,7.728972e-06,2022-04-20T17:56:00.000,17.0,3.737286533578299e-06,True
75,5160,202204220452,703876560.0,True,8.039883141464088e-06,7.178931355156237e-06,7.327170806092909e-06,6.5566478042455856e-06,True,True,True,True,True,True,M1.1,1.1229543e-05,2022-04-22T05:14:00.000,22.0,2.7839521408168366e-06,True
76,5208,202204301338,704598540.0,True,4.942719897371717e-06,3.7561767385341227e-06,3.7040424558654195e-06,3.2177565572055755e-06,False,False,False,False,False,True,X1.1,0.00011312873,2022-04-30T13:47:00.000,9.0,2.350184786337195e-06,True
77,5223,202205030734,704836500.0,True,4.831102160096634e-06,3.8416787901951466e-06,3.935374024877092e-06,3.2388318231824087e-06,False,False,False,False,False,True,M1.3,1.3633756e-05,2022-05-03T07:53:00.000,19.0,8.593153779656859e-07,True
78,5226,202205031309,704856420.0,True,2.5305314920842648e-05,1.8554123016656376e-05,1.8943210307043046e-05,1.4764409570489079e-05,True,True,True,True,True,True,X1.1,0.000113361515,2022-05-03T13:25:00.000,16.0,6.45250395336916e-07,True
79,5238,202205040845,704926920.0,True,2.4921191652538255e-05,1.862385579443071e-05,1.9148945284541696e-05,1.4940615074010566e-05,True,True,True,True,True,True,,5.7583497e-05,2022-05-04T08:59:00.000,14.0,1.1935512702621054e-06,True
80,5243,202205041606,704953560.0,False,1.1604387509578373e-05,1.134447938966332e-05,1.1033957889594603e-05,1.1033957889594603e-05,True,True,True,True,True,True,,8.466538e-06,2022-05-04T16:22:00.000,16.0,1.723529180708283e-06,True
81,5244,202205041625,704953560.0,False,1.1604387509578373e-05,1.077608612831682e-05,1.1033957889594603e-05,9.99518670141697e-06,True,True,True,True,True,True,,1.1911834e-05,2022-05-04T16:32:00.000,7.0,8.06677508080611e-06,True
82,5246,202205041855,704963220.0,True,4.161890956311254e-06,3.942089733754983e-06,3.9206079236464575e-06,3.7818399505340494e-06,False,False,False,False,False,True,,8.678358e-06,2022-05-04T19:05:00.000,10.0,1.7095026123570278e-06,True
83,5311,202205142358,705845400.0,True,8.805004654277582e-06,7.02791339790565e-06,7.136899057513801e-06,5.999367658660049e-06,True,True,True,True,True,True,M2.2,2.2842129e-05,2022-05-15T00:08:00.000,10.0,1.6492448366989265e-06,True
85,5325,202205182156,706183440.0,True,5.405760930443648e-06,4.929752321913838e-06,5.002755642635748e-06,4.60255250800401e-06,True,True,False,True,False,True,M1.1,1.1284367e-05,2022-05-18T22:02:00.000,6.0,4.446533239388373e-06,True
86,5327,202205200735,706305120.0,True,1.2289505320950411e-05,1.1786888535425533e-05,1.1943377103307284e-05,1.128866642829962e-05,True,True,True,True,True,True,M3.0,3.0303148e-05,2022-05-20T07:45:00.000,10.0,1.4910484651409206e-06,True
87,5357,202205251809,706775160.0,True,9.742502697918098e-06,8.760472155699972e-06,8.909236385079566e-06,8.067337148531806e-06,True,True,True,True,True,True,M1.3,1.3376665e-05,2022-05-25T18:24:00.000,15.0,1.004792238745722e-06,True
88,5400,202206101011,708130500.0,True,1.0302584087185096e-05,9.679930371930823e-06,9.79024207481416e-06,9.203896297549363e-06,True,True,True,True,True,True,M1.2,1.2175374e-05,2022-06-10T10:54:00.000,43.0,4.216509296384174e-06,True
89,5539,202207050359,710266140.0,True,6.003981525282143e-06,5.158239673619391e-06,5.264563696982805e-06,4.5700385271629784e-06,True,True,True,True,False,True,C9.8,9.884384e-06,2022-07-05T04:07:00.000,8.0,3.6445960631681373e-06,True
90,5746,202207312241,712581060.0,True,8.738886208448093e-06,8.433043149125297e-06,8.467429324809927e-06,8.180611075658817e-06,True,True,True,True,True,True,C9.2,9.2107575e-06,2022-07-31T23:09:00.000,28.0,2.838798422999389e-07,True
91,5858,202208170811,713996520.0,True,5.511583367479034e-06,4.92913750349544e-06,4.865351911575999e-06,4.72716828880948e-06,False,True,False,False,False,True,,9.017492e-06,2022-08-17T08:20:00.000,9.0,9.58448708843207e-07,True
92,5863,202208171428,714020040.0,True,8.615278602519538e-06,7.793830263835844e-06,7.962057679833379e-06,7.1756421675672755e-06,True,True,True,True,True,True,,1.0993571e-05,2022-08-17T14:52:00.000,24.0,2.3258935470948927e-06,True
93,5885,202208181037,714092220.0,True,1.2393275028443895e-05,1.1278759302513208e-05,1.144889847637387e-05,1.0449453839100897e-05,True,True,True,True,True,True,M1.5,1.59038e-05,2022-08-18T10:55:00.000,18.0,3.090727204835275e-06,True
94,5971,202208252309,714741780.0,False,9.16367662284756e-06,8.683301530254539e-06,8.223325494327582e-06,8.223325494327582e-06,True,True,True,True,True,True,C9.1,9.146479e-06,2022-08-25T23:19:00.000,10.0,1.0870805908780312e-06,True
95,5972,202208252321,714741780.0,False,9.16367662284756e-06,8.03057810117025e-06,8.223325494327582e-06,7.19479430699721e-06,True,True,True,True,True,True,M1.0,1.03667535e-05,2022-08-25T23:27:00.000,6.0,8.032231562538072e-06,True
96,5975,202208270152,714839880.0,True,4.288209311198443e-05,4.049564086017199e-05,4.097778219147585e-05,3.8520796806551516e-05,True,True,True,True,True,True,M4.8,4.8756818e-05,2022-08-27T02:40:00.000,48.0,4.019610514660599e-06,True
97,5986,202208271545,714888060.0,True,1.3810807104164269e-05,1.29314039440942e-05,1.3107740414852742e-05,1.2264611541468184e-05,True,True,True,True,True,True,M1.8,1.802086e-05,2022-08-27T15:58:00.000,13.0,3.377146867933334e-06,True
98,5997,202208280724,714945000.0,True,8.677483492647298e-06,8.007198630366474e-06,8.143540071614552e-06,7.498980721720727e-06,True,True,True,True,True,True,C9.9,9.904033e-06,2022-08-28T07:48:00.000,24.0,3.2536806884309044e-06,True
99,6000,202208281548,714975600.0,True,5.839778532390483e-05,5.474462523125112e-05,5.538034747587517e-05,5.178136416361667e-05,True,True,True,True,True,True,M6.7,6.7296576e-05,2022-08-28T16:19:00.000,31.0,2.7097628390038153e-06,True
100,6001,202208281820,714983640.0,True,3.659488356788643e-05,3.44973559549544e-05,3.4915188734885305e-05,3.280665259808302e-05,True,True,True,True,True,True,M4.6,4.6703444e-05,2022-08-28T18:32:00.000,12.0,1.5903742678347044e-05,True
101,6007,202208291048,715043340.0,True,2.6946261641569436e-05,2.346362998650875e-05,2.387690074101556e-05,2.111047797370702e-05,True,True,True,True,True,True,M8.6,8.66998e-05,2022-08-29T11:07:00.000,19.0,2.153838295271271e-06,True
102,6008,202208291425,715056120.0,True,2.164472607546486e-05,1.6162061001523398e-05,2.164472607546486e-05,1.928409437823575e-05,True,True,True,True,True,True,C8.7,8.730088e-06,2022-08-29T14:40:00.000,15.0,2.6984084797732066e-06,True
103,6009,202208291446,715056120.0,True,2.4082202799036168e-05,1.7482085240771994e-05,2.55221311817877e-05,2.211688297393266e-05,True,True,True,True,True,True,M2.5,2.5502022e-05,2022-08-29T14:56:00.000,10.0,7.88923443906242e-06,True
104,6136,202209131507,716354520.0,True,9.438748747925274e-06,8.517887181369588e-06,9.438748747925274e-06,8.88433260115562e-06,True,True,True,True,True,True,C9.2,9.298828e-06,2022-09-13T15:16:00.000,9.0,7.255731816258049e-06,True
105,6161,202209171242,716692860.0,False,1.7084357750718482e-05,1.5261884982464835e-05,1.7084357750718482e-05,1.619687827769667e-05,True,True,True,True,True,True,M1.0,1.0803868e-05,2022-09-17T13:19:00.000,37.0,9.348849516754854e-07,True
106,6162,202209171321,716692860.0,False,1.782329309207853e-05,1.568878724356182e-05,1.8860691852751188e-05,1.7280830434174277e-05,True,True,True,True,True,True,M1.9,1.9359475e-05,2022-09-17T13:39:00.000,18.0,1.0697149264160544e-05,True
108,6164,202209172032,716719380.0,True,1.3731763829127885e-05,1.105398860090645e-05,1.1477155567263253e-05,9.161655725620221e-06,True,True,True,True,True,True,M2.6,2.6060505e-05,2022-09-17T20:41:00.000,9.0,1.7216334526892751e-06,True
109,6169,202209201451,716958540.0,True,5.350304945750395e-06,4.495954726735363e-06,4.631875526683871e-06,3.9160177038866095e-06,False,True,False,False,False,True,C7.7,7.762015e-06,2022-09-20T15:07:00.000,16.0,1.9102401438431116e-06,True
110,6198,202209231748,717228720.0,True,1.497581888543209e-05,1.424228412361117e-05,1.4355725397763308e-05,1.3713029147766065e-05,True,True,True,True,True,True,M1.7,1.731684e-05,2022-09-23T18:10:00.000,22.0,3.2929151529970113e-06,True
111,6252,202209300346,717782580.0,True,8.035173777898308e-06,7.513815944548696e-06,7.498115792259341e-06,7.259951871674275e-06,True,True,True,True,True,True,M1.0,1.0519981e-05,2022-09-30T04:01:00.000,15.0,2.1696182557207067e-06,True
112,6256,202209301403,717819480.0,True,5.471936219691997e-06,5.1039510253758635e-06,5.095000688015716e-06,4.784219981956994e-06,True,True,True,True,False,True,C7.8,7.809027e-06,2022-09-30T14:16:00.000,13.0,1.8866712707676925e-06,True
113,6274,202210030219,718036500.0,True,1.8920654838439077e-05,1.8073913452099077e-05,1.826098196033854e-05,1.716153565212153e-05,True,True,True,True,True,True,M2.6,2.6258713e-05,2022-10-03T02:33:00.000,14.0,2.6427624106872827e-06,True
114,6279,202210030938,718063980.0,True,2.936849523393903e-05,2.577583109086845e-05,2.6347972379880957e-05,2.3159444026532583e-05,True,True,True,True,True,True,M4.2,4.205304e-05,2022-10-03T10:11:00.000,33.0,4.03631429435336e-06,True
115,6280,202210031103,718067580.0,True,8.483899364364333e-06,7.318289135582745e-06,7.481791271857219e-06,6.5094013734778855e-06,True,True,True,True,True,True,M1.5,1.5213547e-05,2022-10-03T11:11:00.000,8.0,5.765184596384643e-06,True
116,6291,202210031957,718101000.0,True,1.1136963621538598e-05,1.0781564014905598e-05,1.0801996722875629e-05,1.052251536748372e-05,True,True,True,True,True,True,M1.2,1.2605639e-05,2022-10-03T20:28:00.000,31.0,4.534842446446419e-06,True
117,6292,202210032113,718105020.0,True,9.098441296373494e-06,8.666497706144582e-06,9.053785106516443e-06,8.625726877653506e-06,True,True,True,True,True,True,M1.7,1.7838347e-05,2022-10-03T21:22:00.000,9.0,5.922544460190693e-06,True
118,6295,202210041248,718161420.0,True,1.4167347217153292e-05,1.3595937161881011e-05,1.3756233784079086e-05,1.3153684449207503e-05,True,True,True,True,True,True,M1.6,1.6092145e-05,2022-10-04T13:15:00.000,27.0,2.451851287332829e-06,True
119,6316,202210071421,718425960.0,True,9.788445822778158e-06,9.741360372572672e-06,9.757833140611183e-06,9.676622539700475e-06,True,True,True,True,True,True,M1.0,1.0109607e-05,2022-10-07T14:44:00.000,23.0,4.465350684768055e-06,True
120,6344,202210101605,718691400.0,True,1.8161028492613696e-05,1.6416190192103386e-05,1.670818164711818e-05,1.5148724742175546e-05,True,True,True,True,True,True,M2.4,2.411541e-05,2022-10-10T16:28:00.000,23.0,2.9203849862824427e-06,True
121,6354,202210110836,718749840.0,True,2.247099018859444e-06,1.9725248421309516e-06,2.1184039269428467e-06,1.6727570937291603e-06,False,False,False,False,False,True,M3.9,3.9843617e-05,2022-10-11T08:42:00.000,6.0,8.393827783947927e-07,False
122,6367,202210122354,718892520.0,True,1.1007959074049722e-05,9.656298971094657e-06,9.852659786702134e-06,8.686057299200911e-06,True,True,True,True,True,True,M1.5,1.5438109e-05,2022-10-13T00:19:00.000,25.0,7.903057053226803e-07,True
124,6378,202210140951,719013060.0,True,1.2939672160428017e-05,1.261566376342671e-05,1.2736893040710129e-05,1.2315999811107758e-05,True,True,True,True,True,True,M1.3,1.3176475e-05,2022-10-14T09:55:00.000,4.0,1.2965761015948374e-05,True
125,6518,202211120009,721484400.0,True,1.9537453681550687e-06,1.7266041822949774e-06,1.73998171248968e-06,1.600808559487632e-06,False,False,False,False,False,True,M1.1,1.1709789e-05,2022-11-12T00:18:00.000,9.0,6.513076868941425e-07,False
126,6648,202212010704,723151380.0,True,7.080014256644063e-06,6.352287982736016e-06,6.525531262013828e-06,5.772556050942512e-06,True,True,True,True,True,True,M1.0,1.0955116e-05,2022-12-01T07:21:00.000,17.0,7.968924933265953e-07,True
127,6730,202212140824,724278720.0,True,5.712286110792775e-06,4.997415089746937e-06,5.01182148582302e-06,4.569330940284999e-06,True,True,False,True,False,True,M1.1,1.1801026e-05,2022-12-14T08:31:00.000,7.0,4.750595508085098e-06,True
128,6733,202212141145,724291260.0,True,8.805883226159494e-06,8.348105438926723e-06,8.53840811032569e-06,7.792113137838896e-06,True,True,True,True,True,True,M1.1,1.1754523e-05,2022-12-14T11:59:00.000,14.0,2.029626557487063e-06,True
129,6738,202212141703,724310040.0,True,1.1719854228431359e-05,1.0331907105864957e-05,1.0545429177000187e-05,9.414028681931086e-06,True,True,True,True,True,True,M2.2,2.2161868e-05,2022-12-14T17:12:00.000,9.0,2.5111917238973547e-06,True
130,6745,202212142145,724326840.0,True,4.5423432311508805e-05,4.171142427367158e-05,4.5423432311508805e-05,4.421455378178507e-05,True,True,True,True,True,True,M1.9,1.9637979e-05,2022-12-14T21:53:00.000,8.0,1.1126799108751584e-05,True
131,6746,202212142157,724326840.0,True,4.5423432311508805e-05,4.171142427367158e-05,4.5423432311508805e-05,4.3340056436136365e-05,True,True,True,True,True,True,M4.5,4.541192e-05,2022-12-14T22:06:00.000,9.0,1.5945963241392747e-05,True
132,6749,202212150124,724340580.0,True,8.196779162972234e-06,7.692132385272998e-06,7.811118848621845e-06,7.595837359986035e-06,True,True,True,True,True,True,M1.6,1.623628e-05,2022-12-15T01:37:00.000,13.0,4.649246420740383e-06,True
134,6760,202212151308,724382340.0,True,7.186353741417406e-06,6.699765435769223e-06,6.784690413041972e-06,6.371105428115698e-06,True,True,True,True,True,True,C8.2,8.29616e-06,2022-12-15T13:17:00.000,9.0,4.197781890979968e-06,True
136,6762,202212151418,724386300.0,True,7.409155386994826e-06,6.719013981637545e-06,6.774252597097075e-06,6.228503934835317e-06,True,True,True,True,True,True,C9.5,9.539654e-06,2022-12-15T14:23:00.000,5.0,8.678856829646975e-06,True
137,6765,202212151635,724394760.0,True,2.0739516912726685e-05,2.0458768631215207e-05,2.0739516912726685e-05,2.0637215129681863e-05,True,True,True,True,True,True,M1.1,1.11888885e-05,2022-12-15T16:44:00.000,9.0,4.281511792214587e-06,True
138,6766,202212151647,724394760.0,True,2.0739516912726685e-05,2.046838926617056e-05,2.0739516912726685e-05,2.0482684703893028e-05,True,True,True,True,True,True,M2.0,2.0725858e-05,2022-12-15T16:56:00.000,9.0,1.0813128028530627e-05,True
139,6771,202212160130,724428960.0,True,2.10484977287706e-05,2.0579593183356337e-05,2.099877383443527e-05,1.9739436538657174e-05,True,True,True,True,True,True,M3.5,3.5523448e-05,2022-12-16T02:01:00.000,31.0,3.5183122690796154e-06,True
140,6775,202212160442,724438860.0,True,8.005921699805185e-06,7.178959549491992e-06,7.2860525506257545e-06,6.59685292703216e-06,True,True,True,True,True,True,M1.2,1.23962545e-05,2022-12-16T04:59:00.000,17.0,2.2414767499867594e-06,True
141,6776,202212160536,724441800.0,True,1.0960245163005311e-05,9.81964149104897e-06,1.000959673547186e-05,8.977847755886614e-06,True,True,True,True,True,True,M1.3,1.3826122e-05,2022-12-16T05:48:00.000,12.0,5.7423189900873695e-06,True
142,6779,202212160726,724448400.0,True,8.793084816716146e-06,7.75114767748164e-06,7.824455678928643e-06,7.050410204101354e-06,True,True,True,True,True,True,M1.6,1.6726422e-05,2022-12-16T07:38:00.000,12.0,3.878293682646472e-06,True
143,6782,202212161002,724458120.0,True,2.559099448262714e-05,2.3252245227922685e-05,2.34419567277655e-05,2.1827079763170332e-05,True,True,True,True,True,True,M4.0,4.0206298e-05,2022-12-16T10:19:00.000,17.0,6.021406989020761e-06,True
144,6786,202212161424,724473720.0,True,1.9823592083412223e-05,1.836918636399787e-05,1.8716709746513516e-05,1.720049294817727e-05,True,True,True,True,True,True,M2.4,2.4572535e-05,2022-12-16T14:40:00.000,16.0,2.1037799342593644e-06,True
145,6787,202212161534,724477320.0,True,5.941355539107462e-06,5.370036888052709e-06,5.367203357309336e-06,5.0696257858362515e-06,True,True,True,True,True,True,M1.2,1.2642182e-05,2022-12-16T15:40:00.000,6.0,7.109190391929587e-06,True
146,6789,202212161902,724489920.0,True,4.532491857389687e-06,4.029227056889795e-06,4.083851763425628e-06,3.715095544976066e-06,False,False,False,False,False,True,C9.1,9.1039965e-06,2022-12-16T19:11:00.000,9.0,2.6543850708549144e-06,True
147,6791,202212162050,724496760.0,True,5.725051323679509e-06,5.337562924978556e-06,5.342244548955932e-06,5.051182597526349e-06,True,True,True,True,True,True,C8.9,8.975311e-06,2022-12-16T21:04:00.000,14.0,1.9656811218737857e-06,True
148,6834,202212200842,724798500.0,True,5.731157671107212e-06,4.805744083569152e-06,4.970335339748999e-06,4.158085175731685e-06,False,True,False,False,False,True,C8.2,8.201116e-06,2022-12-20T08:53:00.000,11.0,1.8044775060843676e-06,True
149,6841,202212210557,724875780.0,True,6.237963134481106e-06,5.7297661442134995e-06,5.831807811773615e-06,5.3018661674286705e-06,True,True,True,True,True,True,C7.6,7.618034e-06,2022-12-21T06:21:00.000,24.0,1.6894188092919649e-06,True
150,6901,202212290632,725570940.0,True,1.0994673175446223e-05,1.0492698493180797e-05,1.056650398822967e-05,1.0109562026627827e-05,True,True,True,True,True,True,M1.2,1.2079151e-05,2022-12-29T07:27:00.000,55.0,1.767747107805917e-06,True
151,6932,202212312138,725795340.0,True,6.688238499918953e-06,5.994422735966509e-06,6.106464752519969e-06,5.484560006152606e-06,True,True,True,True,True,True,C9.1,9.113051e-06,2022-12-31T21:48:00.000,10.0,2.3642337509954814e-06,True
152,6944,202301020609,725912580.0,True,2.160873918910511e-06,1.7907592564370134e-06,1.822807121243386e-06,1.567693288961891e-06,False,False,False,False,False,True,C9.4,9.451112e-06,2023-01-02T06:21:00.000,12.0,1.2225061709614238e-06,False
153,6959,202301041834,726130020.0,True,7.218297923827777e-06,6.628056780755287e-06,6.770581421733368e-06,6.136619504104601e-06,True,True,True,True,True,True,C8.4,8.498897e-06,2023-01-04T18:45:00.000,11.0,4.908899427391589e-06,True
154,6982,202301071629,726382500.0,True,6.274996849242598e-06,5.559601504501188e-06,5.680315098288702e-06,5.032763965573395e-06,True,True,True,True,True,True,C8.7,8.724094e-06,2023-01-07T16:54:00.000,25.0,1.7387641264576814e-06,True
155,6995,202301080437,726425820.0,True,7.64897504268447e-06,7.447048119502142e-06,7.486284630431328e-06,7.269792604347458e-06,True,True,True,True,True,True,C8.0,8.00382e-06,2023-01-08T04:55:00.000,18.0,3.7319055081752595e-06,True
156,6998,202301080839,726440160.0,True,8.151439942594152e-06,7.661637937417254e-06,7.65097047406016e-06,7.478730822185753e-06,True,True,True,True,True,True,M1.2,1.2157462e-05,2023-01-08T08:54:00.000,15.0,3.501725132082356e-06,True
157,7004,202301081902,726477120.0,True,9.230833711626474e-06,8.459556738671381e-06,8.630667252873536e-06,7.784532499499619e-06,True,True,True,True,True,True,M1.0,1.0923919e-05,2023-01-08T19:11:00.000,9.0,9.219984349329025e-06,True
158,7008,202301090051,726498240.0,True,9.431046237295959e-06,8.656616955704521e-06,8.795525900495704e-06,8.023741429497022e-06,True,True,True,True,True,True,M1.1,1.1431522e-05,2023-01-09T01:02:00.000,11.0,3.829015440715011e-06,True
159,7024,202301100009,726581880.0,True,1.5657933545298874e-05,1.245692965312628e-05,1.320961928286124e-05,1.0175957868341357e-05,True,True,True,True,True,True,M5.1,5.152473e-05,2023-01-10T00:16:00.000,7.0,4.362045729067177e-06,True
160,7047,202301110039,726670860.0,True,1.2741165846819058e-05,1.1165696378157008e-05,1.1278086276433896e-05,1.0277694855176378e-05,True,True,True,True,True,True,M2.4,2.4735158e-05,2023-01-11T00:59:00.000,20.0,2.3550062451249687e-06,True
161,7048,202301110149,726674280.0,True,1.20531140055391e-05,1.0114310498465784e-05,1.0641380868037231e-05,8.57130089571001e-06,True,True,True,True,True,True,M5.6,5.6708155e-05,2023-01-11T01:56:00.000,7.0,4.7116704990912694e-06,True
162,7051,202301110531,726689460.0,True,1.0674815712263808e-05,9.888155545922928e-06,1.0043995644082315e-05,9.287842658523005e-06,True,True,True,True,True,True,M1.3,1.3028995e-05,2023-01-11T06:09:00.000,38.0,2.8763097361661494e-06,True
163,7055,202301112047,726742920.0,True,5.642115411319537e-06,5.119390607433161e-06,5.198465260036755e-06,4.765299763676012e-06,True,True,True,True,False,True,C8.0,8.071116e-06,2023-01-11T21:00:00.000,13.0,3.796128112298902e-06,True
164,7057,202301120553,726776400.0,True,9.200347449223045e-06,9.043938007380348e-06,9.04106127563864e-06,8.973170224635396e-06,True,True,True,True,True,True,M1.1,1.1345536e-05,2023-01-12T06:18:00.000,25.0,3.3508256365166744e-06,True
165,7058,202301120633,726778080.0,True,1.4164907042868435e-05,1.3199704881117214e-05,1.3383241821429692e-05,1.2397777027217671e-05,True,True,True,True,True,True,M1.5,1.5923693e-05,2023-01-12T06:46:00.000,13.0,8.859552508511115e-06,True
166,7062,202301121108,726795000.0,True,1.0198687959928066e-05,9.30615897232201e-06,9.459869033889845e-06,8.631513082946185e-06,True,True,True,True,True,True,M1.2,1.2335127e-05,2023-01-12T11:28:00.000,20.0,3.541706064424943e-06,True
167,7067,202301121903,726822900.0,True,8.129397429001983e-06,7.440767149091698e-06,7.564222414657706e-06,6.934305929462425e-06,True,True,True,True,True,True,M1.0,1.0617729e-05,2023-01-12T19:13:00.000,10.0,5.70596876059426e-06,True
168,7077,202301131455,726894600.0,True,6.874653081467841e-06,6.4628075051587075e-06,6.496274636447197e-06,6.140800451248651e-06,True,True,True,True,True,True,C8.4,8.487397e-06,2023-01-13T15:08:00.000,13.0,3.0912376587366452e-06,True
169,7089,202301142037,727002120.0,True,3.906709389411844e-05,3.633899541455321e-05,3.696156636578962e-05,3.431447839830071e-05,True,True,True,True,True,True,M4.6,4.6022175e-05,2023-01-14T21:00:00.000,23.0,1.671840436756611e-05,True
170,7090,202301150308,727026180.0,True,5.2373776270542294e-05,4.854875442106277e-05,4.926469409838319e-05,4.563531183521263e-05,True,True,True,True,True,True,M6.0,6.02541e-05,2023-01-15T03:42:00.000,34.0,4.5196716200734954e-06,True
171,7100,202301170002,727186500.0,True,6.415996267605806e-06,5.757641247328138e-06,5.830405825690832e-06,5.377320576371858e-06,True,True,True,True,True,True,C9.4,9.425952e-06,2023-01-17T00:13:00.000,11.0,2.388422672083834e-06,True
172,7133,202301221212,727662480.0,True,7.471153821825283e-06,6.822610430390341e-06,6.914313416928053e-06,6.366892648657085e-06,True,True,True,True,True,True,M1.1,1.1476338e-05,2023-01-22T12:26:00.000,14.0,6.098747235228075e-06,True
173,7145,202301250937,727913520.0,True,4.245519812684506e-05,4.135806011618115e-05,4.1584080463508144e-05,4.046101093990728e-05,True,True,True,True,True,True,M4.6,4.6541183e-05,2023-01-25T10:11:00.000,34.0,6.0654797380266245e-06,True
174,7147,202301251642,727938180.0,True,1.0130788723472506e-05,8.992463335744105e-06,9.09715163288638e-06,8.384359716728795e-06,True,True,True,True,True,True,M1.3,1.39858685e-05,2023-01-25T17:01:00.000,19.0,5.165070888324408e-06,True
175,7202,202302071333,729050160.0,True,8.613255886302795e-06,8.09332232165616e-06,8.146992513502482e-06,7.7554359450005e-06,True,True,True,True,True,True,M1.0,1.02625645e-05,2023-02-07T13:53:00.000,20.0,4.3191648728679866e-06,True
176,7217,202302081528,729144300.0,True,1.2617199899978004e-05,1.1738688044715673e-05,1.1900092431460507e-05,1.1097770766355097e-05,True,True,True,True,True,True,M1.6,1.6258486e-05,2023-02-08T16:03:00.000,35.0,1.9736344256671146e-06,True
177,7219,202302081956,729159180.0,True,1.2853534826717805e-05,1.278401668969309e-05,1.2853534826717805e-05,1.2724082807835657e-05,True,True,True,True,True,True,M1.5,1.5476604e-05,2023-02-08T20:12:00.000,16.0,3.700984279930708e-06,True
178,7220,202302082103,729161820.0,True,1.5368401363957673e-05,1.1761917448893655e-05,1.711285403871443e-05,1.4157966688799206e-05,True,True,True,True,True,True,M1.7,1.7163804e-05,2023-02-08T21:13:00.000,10.0,8.999249075714033e-06,True
179,7221,202302082121,729162900.0,True,1.5111851098481566e-05,1.4382185327121988e-05,1.5785961295478046e-05,1.4973197721701581e-05,True,True,True,True,True,True,M1.7,1.7532e-05,2023-02-08T21:37:00.000,16.0,1.350511683995137e-05,True
180,7223,202302100245,729270300.0,True,2.7265290555078536e-05,2.3833510567783378e-05,2.4449229385936633e-05,2.126584695361089e-05,True,True,True,True,True,True,M3.7,3.7280977e-05,2023-02-10T03:03:00.000,18.0,2.301555468875449e-06,True
181,7230,202302101435,729318540.0,True,6.397558991011465e-06,6.105946795287309e-06,6.137966920505278e-06,5.906246315134922e-06,True,True,True,True,True,True,M1.1,1.1990826e-05,2023-02-10T14:55:00.000,20.0,3.5325099361216417e-06,True
182,7235,202302110627,729369360.0,True,7.254412594193127e-06,7.137908596632769e-06,7.202263077488169e-06,7.122330771380803e-06,True,True,True,True,True,True,C7.7,7.73768e-06,2023-02-11T06:34:00.000,7.0,4.249657195032341e-06,True
183,7236,202302110642,729369360.0,True,7.254412594193127e-06,7.0974542722979095e-06,7.202263077488169e-06,6.901643700985005e-06,True,True,True,True,True,True,C7.2,7.210485e-06,2023-02-11T06:45:00.000,3.0,6.423227659979602e-06,True
185,7238,202302110759,729375000.0,True,1.0484430276846979e-05,8.436754797003232e-06,8.644641638966277e-06,7.131839083740488e-06,True,True,True,True,True,True,M2.2,2.2959382e-05,2023-02-11T08:08:00.000,9.0,9.317185686086304e-06,True
186,7240,202302111042,729385200.0,True,7.673067557334434e-06,7.566098247480113e-06,7.570388333988376e-06,7.511332569265505e-06,True,True,True,True,True,True,M1.0,1.0622771e-05,2023-02-11T10:58:00.000,16.0,3.153835677949246e-06,True
187,7241,202302111129,729387360.0,True,9.886996849672869e-06,9.63971524470253e-06,9.637724360800348e-06,9.485967893851921e-06,True,True,True,True,True,True,M1.4,1.4995508e-05,2023-02-11T11:34:00.000,5.0,7.181485216278816e-06,True
188,7245,202302112245,729428280.0,True,7.572271442768397e-06,7.223410648293793e-06,7.572271442768397e-06,6.782812761230161e-06,True,True,True,True,True,True,C8.7,8.788076e-06,2023-02-11T22:57:00.000,12.0,5.034670721215662e-06,True
189,7251,202302120835,729463740.0,True,1.1790002645284403e-05,1.1447071301518008e-05,1.1437759894761257e-05,1.101218003896065e-05,True,True,True,True,True,True,M3.1,3.1839012e-05,2023-02-12T08:48:00.000,13.0,3.2941904919425724e-06,True
190,7259,202302130504,729537660.0,True,8.808857273834292e-06,8.65740094013745e-06,8.808857273834292e-06,8.317359061038587e-06,True,True,True,True,True,True,M1.0,1.0947299e-05,2023-02-13T05:18:00.000,14.0,4.6080567699391395e-06,True
191,7283,202302141159,729649500.0,True,1.7819653294282034e-05,1.6923650036915205e-05,1.7112522982642986e-05,1.6210035028052516e-05,True,True,True,True,True,True,M2.6,2.6944906e-05,2023-02-14T12:12:00.000,13.0,1.6892577150429133e-06,True
192,7284,202302142113,729682020.0,True,5.594342837866861e-06,5.194793175178347e-06,5.235741809883621e-06,4.9269442570221145e-06,True,True,True,True,False,True,C8.9,8.959567e-06,2023-02-14T21:25:00.000,12.0,1.8585465113574173e-06,True
193,7291,202302161016,729817260.0,True,8.373745004064403e-06,8.176859410014004e-06,8.267074917966966e-06,7.965539225551765e-06,True,True,True,True,True,True,C9.0,9.020078e-06,2023-02-16T10:59:00.000,43.0,1.4390977867151378e-06,True
194,7295,202302162039,729854280.0,True,8.868602890288457e-06,8.714882824278902e-06,8.768385669100098e-06,8.57479972182773e-06,True,True,True,True,True,True,C9.1,9.15186e-06,2023-02-16T21:16:00.000,37.0,1.3476301319315098e-06,True
195,7303,202302171938,729937140.0,True,0.00018794211791828275,0.00017779844347387552,0.00017926425789482892,0.0001703927991911769,True,True,True,True,True,True,X2.2,0.00022803889,2023-02-17T20:16:00.000,38.0,2.4135511011991184e-06,True
196,7312,202302220451,730315260.0,True,1.0453336471982766e-05,9.649812454881612e-06,9.766753464646172e-06,9.08171568880789e-06,True,True,True,True,True,True,M1.4,1.4061393e-05,2023-02-22T05:12:00.000,21.0,1.9328163034515455e-06,True
197,7317,202302221336,730345920.0,True,1.0018977263825946e-05,7.896542228991166e-06,8.086619345704094e-06,6.58821954857558e-06,True,True,True,True,True,True,M2.6,2.6797543e-05,2023-02-22T13:50:00.000,14.0,1.7706622656987747e-06,True
198,7323,202302230400,730397640.0,True,7.079824626998743e-06,6.291622412391007e-06,6.435170234908583e-06,5.703302576876013e-06,True,True,True,True,True,True,C7.8,7.888192e-06,2023-02-23T04:12:00.000,12.0,5.89724231758737e-06,True
199,7328,202302230832,730414140.0,True,1.2839239388995338e-05,1.2560354662127793e-05,1.2839239388995338e-05,1.2765217434207443e-05,True,True,True,True,True,True,M1.0,1.0244244e-05,2023-02-23T08:48:00.000,16.0,2.979402552227839e-06,True
200,7329,202302230851,730414140.0,True,1.2839239388995338e-05,1.2560354662127793e-05,1.2839239388995338e-05,1.2734853044094052e-05,True,True,True,True,True,True,M1.2,1.2824834e-05,2023-02-23T09:01:00.000,10.0,1.0016487067332491e-05,True
201,7350,202302251534,730611720.0,True,4.221401468385011e-06,3.6956269013899146e-06,3.7617667203448946e-06,3.3443777738284552e-06,False,False,False,False,False,True,M1.0,1.0860275e-05,2023-02-25T15:40:00.000,6.0,9.594891707820352e-07,False
202,7351,202302251840,730626360.0,True,5.768322080257349e-05,5.524131120182574e-05,5.5820481065893546e-05,5.333582521416247e-05,True,True,True,True,True,True,M6.3,6.354004e-05,2023-02-25T19:44:00.000,64.0,1.0960941381199518e-06,True
203,7365,202303010143,730907340.0,True,3.221602128178347e-06,2.790134885799489e-06,2.819969949996448e-06,2.5245453798561357e-06,False,False,False,False,False,True,C9.4,9.410009e-06,2023-03-01T01:47:00.000,4.0,5.193019205762539e-06,True
204,7383,202303031008,731111640.0,True,2.4254217350971885e-05,2.1287791241775267e-05,2.167422280763276e-05,1.9205230273655616e-05,True,True,True,True,True,True,,3.2988202e-05,2023-03-03T10:32:00.000,24.0,3.346443918417208e-06,True
205,7400,202303041519,731217540.0,True,4.8268666432704777e-05,4.576977153192274e-05,4.62442658317741e-05,4.374968193587847e-05,True,True,True,True,True,True,M5.2,5.2677944e-05,2023-03-04T15:57:00.000,38.0,6.756806214980315e-06,True
206,7417,202303060208,731341740.0,True,2.809220677590929e-05,2.696046431083232e-05,2.8391328669385985e-05,2.7644498914014548e-05,True,True,True,True,True,True,M5.8,5.8042177e-05,2023-03-06T02:28:00.000,20.0,1.5947982774378033e-06,True
207,7431,202303080953,731542440.0,True,9.402963769389316e-06,8.883935151970945e-06,8.933957360568456e-06,8.562646144127939e-06,True,True,True,True,True,True,M1.1,1.1960694e-05,2023-03-08T10:12:00.000,19.0,1.4751419712411007e-06,True
208,7492,202303200119,732548940.0,True,1.2231495020387229e-05,1.217230692418525e-05,1.2209006854391191e-05,1.206697470479412e-05,True,True,True,True,True,True,M1.2,1.2837128e-05,2023-03-20T01:48:00.000,29.0,3.977398137067212e-06,True
209,7536,202303290218,733329300.0,True,3.986491356045008e-05,3.1890071113593876e-05,3.257020216551609e-05,2.6846993932849728e-05,True,True,True,True,True,True,X1.2,0.00012713997,2023-03-29T02:33:00.000,15.0,2.0662434963014675e-06,True
210,7590,202304090551,734292600.0,True,6.5255590016022325e-06,5.780824722023681e-06,5.9061603678856045e-06,5.220306775299832e-06,True,True,True,True,True,True,C9.0,9.096509e-06,2023-04-09T06:08:00.000,17.0,1.1002980500052217e-06,True
211,7648,202304131032,734654700.0,True,6.7497726377041545e-06,6.425891569961095e-06,6.7497726377041545e-06,6.631484211538918e-06,True,True,True,True,True,True,C8.4,8.474599e-06,2023-04-13T10:43:00.000,11.0,1.6611792261755909e-06,True
212,7649,202304131053,734654700.0,True,6.7497726377041545e-06,6.431272140616784e-06,6.7497726377041545e-06,6.413788014469901e-06,True,True,True,True,True,True,C6.7,6.7461547e-06,2023-04-13T10:56:00.000,3.0,6.0829152062069625e-06,True
213,7786,202304301956,736158600.0,True,1.575701571709942e-05,1.3684993064089213e-05,1.3934466551290825e-05,1.2300520211283583e-05,True,True,True,True,True,True,M2.4,2.4421777e-05,2023-04-30T20:28:00.000,32.0,1.3345559182198485e-06,True
214,7823,202305030725,736371540.0,True,7.463558631570777e-06,7.272228685906157e-06,7.318246389331762e-06,7.085120614647167e-06,True,True,True,True,True,True,,9.672684e-06,2023-05-03T07:37:00.000,12.0,3.2379903132095933e-06,True
215,7828,202305031224,736389420.0,True,4.203441676509101e-06,3.543968205121928e-06,3.5414630019658944e-06,3.1735269203636562e-06,False,False,False,False,False,True,,1.8053775e-05,2023-05-03T12:35:00.000,11.0,2.3105862965167034e-06,True
216,7840,202305040805,736461960.0,True,3.140491389785893e-05,2.864088492060546e-05,2.9114933568052948e-05,2.6608258849591948e-05,True,True,True,True,True,True,M3.9,3.960402e-05,2023-05-04T08:44:00.000,39.0,1.5102469888006453e-06,True
217,7848,202305050730,736545780.0,True,1.9485276425257325e-05,1.8693106540013105e-05,1.8844555597752333e-05,1.806295222195331e-05,True,True,True,True,True,True,M2.1,2.1081476e-05,2023-05-05T08:01:00.000,31.0,6.285315066634212e-06,True
218,7850,202305051539,736573740.0,True,6.755574304406764e-06,6.169635526021011e-06,6.267862772801891e-06,5.741748736909358e-06,True,True,True,True,True,True,C8.2,8.280663e-06,2023-05-05T15:47:00.000,8.0,7.400426966341911e-06,True
219,7863,202305072140,736770900.0,True,1.4262255717767403e-05,1.3953104826214258e-05,1.4000587725604419e-05,1.384227471135091e-05,True,True,True,True,True,True,M1.5,1.5397933e-05,2023-05-07T22:34:00.000,54.0,1.3039476698395447e-06,True
220,7864,202305072253,736773840.0,True,1.628414429433178e-05,1.6153277101693675e-05,1.6156591300386935e-05,1.6103742382256314e-05,True,True,True,True,True,True,M1.6,1.6399104e-05,2023-05-07T23:23:00.000,30.0,1.3521229448087979e-05,True
221,7886,202305091000,736899720.0,True,8.522329153493047e-06,7.182668468885822e-06,7.383994216070278e-06,6.216033852979308e-06,True,True,True,True,True,True,M1.3,1.375337e-05,2023-05-09T10:20:00.000,20.0,1.7734088260112912e-06,True
222,7893,202305091820,736930800.0,True,3.648064739536494e-05,3.37931742251385e-05,3.432781886658631e-05,3.16936602757778e-05,True,True,True,True,True,True,M4.2,4.2909116e-05,2023-05-09T18:58:00.000,38.0,2.296494130860083e-06,True
223,7894,202305092032,736937640.0,True,3.038255454157479e-05,2.542602851463016e-05,2.6345360311097465e-05,2.180779119953513e-05,True,True,True,True,True,True,M5.0,5.0188308e-05,2023-05-09T20:52:00.000,20.0,7.086528967192862e-06,True
224,7911,202305110847,737067780.0,True,9.466866686125286e-06,7.1469839895144105e-06,7.562088740087347e-06,5.490923740580911e-06,True,True,True,True,True,True,M2.1,2.1976146e-05,2023-05-11T09:01:00.000,14.0,1.1363989642632077e-06,True
225,7914,202305111813,737101860.0,True,8.729854016564786e-06,7.519408882217249e-06,7.749878022877965e-06,6.6422339841665234e-06,True,True,True,True,True,True,M1.8,1.8860357e-05,2023-05-11T18:29:00.000,16.0,1.630505266803084e-06,True
226,7927,202305122353,737210820.0,True,8.709246685612015e-06,8.569239980715793e-06,8.596808584115934e-06,8.447113032161724e-06,True,True,True,True,True,True,C9.0,9.056142e-06,2023-05-13T00:45:00.000,52.0,5.283475729811471e-06,True
227,7953,202305161631,737527500.0,True,3.227355409762822e-05,2.4349521481781267e-05,2.5307421310571954e-05,1.9299723135191016e-05,True,True,True,True,True,True,M9.6,9.619491e-05,2023-05-16T16:43:00.000,12.0,9.978554089684621e-07,True
228,7963,202305180303,737652180.0,True,6.432932877942221e-06,5.803871317766607e-06,5.913448148930911e-06,5.3435373956745025e-06,True,True,True,True,True,True,C8.6,8.634352e-06,2023-05-18T03:21:00.000,18.0,1.2046383517372306e-06,True
229,7967,202305180648,737665020.0,True,6.221093826752622e-06,5.817140845465474e-06,5.893294201086974e-06,5.517625595530262e-06,True,True,True,True,True,True,M1.2,1.2864894e-05,2023-05-18T06:55:00.000,7.0,3.5404520986048738e-06,True
230,7973,202305181200,737683320.0,False,1.935381442308426e-05,1.893608714453876e-05,1.935381442308426e-05,1.9034849174204282e-05,True,True,True,True,True,True,M1.9,1.933483e-05,2023-05-18T12:13:00.000,13.0,1.4364546586875804e-05,True
231,7974,202305181239,737686260.0,True,1.1518492101458833e-05,1.0332022611692082e-05,1.0556100278336089e-05,9.467351446801331e-06,True,True,True,True,True,True,M1.6,1.6856608e-05,2023-05-18T12:49:00.000,10.0,1.1399127288314048e-05,True
232,7977,202305181732,737704320.0,True,6.767168542864965e-06,6.32254705124069e-06,6.3121474340732675e-06,6.1943951550347265e-06,True,True,True,True,True,True,M1.1,1.11368645e-05,2023-05-18T17:51:00.000,19.0,2.439749323457363e-06,True
233,7979,202305182051,737716020.0,True,3.326085425214842e-05,2.98173981718719e-05,3.0336443160194904e-05,2.7442501959740184e-05,True,True,True,True,True,True,M4.5,4.5044293e-05,2023-05-18T21:05:00.000,14.0,2.3203550881589763e-05,True
234,7999,202305191945,737798880.0,True,1.9059407350141555e-05,1.884639641502872e-05,1.9059407350141555e-05,1.8938433640869334e-05,True,True,True,True,True,True,M2.3,2.3233073e-05,2023-05-19T20:06:00.000,21.0,3.252462647651555e-06,True
235,8000,202305192014,737798880.0,True,1.9297182006994262e-05,1.892152795335278e-05,2.3936316210892983e-05,2.0191524527035654e-05,True,True,True,True,True,True,M2.7,2.7547767e-05,2023-05-19T20:26:00.000,12.0,1.686366886133328e-05,True
236,8009,202305200649,737838180.0,True,7.087920039339224e-06,6.0207644310139585e-06,6.0783568187616765e-06,5.634808530885493e-06,True,True,True,True,True,True,M1.0,1.0716228e-05,2023-05-20T07:02:00.000,13.0,3.7123145375517197e-06,True
238,8012,202305201048,737852160.0,True,1.3652967027155682e-05,1.1601018741203006e-05,1.1953227840422187e-05,1.0144593943550717e-05,True,True,True,True,True,True,M1.6,1.6341868e-05,2023-05-20T10:54:00.000,6.0,3.5097116324322997e-06,True
239,8038,202305211549,737957160.0,True,1.6627864170004614e-05,1.3866494555259123e-05,1.4355715393321589e-05,1.1829710274469107e-05,True,True,True,True,True,True,M2.6,2.6035319e-05,2023-05-21T16:04:00.000,15.0,2.403907274128869e-06,True
240,8074,202305241704,738221040.0,True,1.4215457667887677e-05,1.2964367670065258e-05,1.3166286407795269e-05,1.2138184501964133e-05,True,True,True,True,True,True,M1.8,1.8525629e-05,2023-05-24T17:21:00.000,17.0,1.7006934740493307e-06,True
241,8094,202305251437,738298080.0,True,3.1215279250318417e-06,2.3168956886365777e-06,2.3652858089917572e-06,1.8642986105987802e-06,False,False,False,False,False,True,M1.1,1.1876113e-05,2023-05-25T14:46:00.000,9.0,1.458340193494223e-06,True
242,8108,202305262248,738414300.0,True,8.71543034008937e-06,7.753419595246669e-06,7.939956049085595e-06,7.009222827036865e-06,True,True,True,True,True,True,M1.3,1.3762226e-05,2023-05-26T23:03:00.000,15.0,4.805894604942296e-06,True
243,8120,202305281021,738542280.0,True,7.460468623321503e-06,6.75429510010872e-06,6.883800324430922e-06,6.240254151634872e-06,True,True,True,True,True,True,M1.0,1.0142524e-05,2023-05-28T10:36:00.000,15.0,9.000503382594616e-07,True
244,8145,202305310424,738779760.0,False,1.0671553354768548e-05,9.47337321122177e-06,1.0671553354768548e-05,9.598043106961995e-06,True,True,True,True,True,True,M1.3,1.31739325e-05,2023-05-31T04:38:00.000,14.0,3.0948456242185785e-06,True
245,8160,202305311953,738835920.0,True,7.578458280477207e-06,6.8068761720496695e-06,7.017926236585481e-06,6.131003374321153e-06,True,True,True,True,True,True,C9.6,9.63824e-06,2023-05-31T20:10:00.000,17.0,1.7224614339284017e-06,True
246,8162,202305312147,738843000.0,True,1.5262168744811788e-05,1.416410395904677e-05,1.5262168744811788e-05,1.4782010111957788e-05,True,True,True,True,True,True,M1.0,1.05579575e-05,2023-05-31T22:08:00.000,21.0,2.4274843326566042e-06,True
247,8163,202305312214,738843000.0,True,1.591645741427783e-05,1.4456162716669496e-05,1.7371967260260135e-05,1.571586835780181e-05,True,True,True,True,True,True,M4.2,4.2883014e-05,2023-05-31T22:52:00.000,38.0,1.0163995284528937e-05,True
248,8225,202306091648,739602780.0,True,1.5386371160275303e-05,1.31831284306827e-05,1.3536526239477098e-05,1.1653784895315766e-05,True,True,True,True,True,True,M2.5,2.5048885e-05,2023-06-09T17:11:00.000,23.0,1.3503940863301978e-06,True
249,8272,202306151233,740105820.0,True,9.62305875873426e-06,9.497539394942578e-06,9.62305875873426e-06,9.341371878690552e-06,True,True,True,True,True,True,C9.7,9.7498605e-06,2023-06-15T12:55:00.000,22.0,1.2302472214287263e-06,True
250,8280,202306161020,740183940.0,True,8.977610377769452e-06,8.227360922319349e-06,8.390114999201614e-06,7.606491180922603e-06,True,True,True,True,True,True,M1.0,1.0824913e-05,2023-06-16T10:38:00.000,18.0,1.3397917655311176e-06,True
251,8294,202306181325,740368500.0,True,2.0561934434226714e-05,1.8611788618727587e-05,1.8969765733345412e-05,1.710567084955983e-05,True,True,True,True,True,True,M2.5,2.521706e-05,2023-06-18T13:53:00.000,28.0,2.0941297407262027e-06,True
254,8313,202306201117,740531940.0,False,1.8008551705861464e-05,1.6891312043298967e-05,1.7383003068971448e-05,1.553535184939392e-05,True,True,True,True,True,True,M1.8,1.8353629e-05,2023-06-20T11:25:00.000,8.0,9.336295988759957e-06,True
255,8327,202306211231,740623560.0,True,6.5943663685175125e-06,5.54261714569293e-06,5.678495654137805e-06,4.851347057410749e-06,True,True,True,True,False,True,M1.1,1.1692912e-05,2023-06-21T12:44:00.000,13.0,2.581774651844171e-06,True
256,8328,202306211531,740634000.0,True,2.1866710540052736e-06,2.019151679633069e-06,2.0331904124759603e-06,1.9121941932098707e-06,False,False,False,False,False,True,M1.0,1.0018185e-05,2023-06-21T15:38:00.000,7.0,1.5678609770475305e-06,False
257,8335,202306221057,740704980.0,True,8.008177246665582e-06,7.154338618420297e-06,7.193717465270311e-06,6.538088200613856e-06,True,True,True,True,True,True,,1.1594849e-05,2023-06-22T11:21:00.000,24.0,1.8716958720688126e-06,True
258,8397,202306271457,741150960.0,True,9.85757742455462e-06,9.373964530823287e-06,9.567231245455332e-06,9.076822607312351e-06,True,True,True,True,True,True,M1.2,1.27224985e-05,2023-06-27T15:14:00.000,17.0,1.1527077958817245e-06,True
259,8398,202306271519,741150960.0,True,9.85757742455462e-06,9.178446816804353e-06,9.567231245455332e-06,8.317972060467582e-06,True,True,True,True,True,True,C9.7,9.774067e-06,2023-06-27T15:25:00.000,6.0,7.709685633017216e-06,True
260,8428,202306291400,741320220.0,True,1.3455897715175524e-05,1.1958915820287075e-05,1.2013579180347733e-05,1.1114818335045129e-05,True,True,True,True,True,True,M3.8,3.8475413e-05,2023-06-29T14:15:00.000,15.0,1.4409681625693338e-06,True
261,8483,202307041220,741746220.0,True,1.0987424502673093e-05,1.016345322568668e-05,1.0282422408636194e-05,9.523791959509254e-06,True,True,True,True,True,True,M1.4,1.4824998e-05,2023-07-04T12:35:00.000,15.0,1.594911168467661e-06,True
262,8500,202307051836,741855600.0,True,8.636508937343024e-06,8.02243721409468e-06,8.130667083605658e-06,7.6140881901665125e-06,True,True,True,True,True,True,M1.0,1.0145368e-05,2023-07-05T18:58:00.000,22.0,3.198570993845351e-06,True
263,8509,202307061032,741912660.0,True,8.597051419201307e-06,7.98513792688027e-06,8.136656106216833e-06,7.470844138879329e-06,True,True,True,True,True,True,M1.0,1.0635524e-05,2023-07-06T10:49:00.000,17.0,3.3527487630635733e-06,True
264,8513,202307070617,741983460.0,True,1.618603346287273e-05,1.306392459810013e-05,1.3434574611892458e-05,1.0971639312629122e-05,True,True,True,True,True,True,M4.0,4.0558723e-05,2023-07-07T06:29:00.000,12.0,1.5650247178200516e-06,True
265,8537,202307100329,742233420.0,True,1.834142312873155e-05,1.6182701074285433e-05,1.6547845007153228e-05,1.458670521969907e-05,True,True,True,True,True,True,M2.3,2.3619104e-05,2023-07-10T03:55:00.000,26.0,3.288388825239963e-06,True
266,8559,202307111920,742375860.0,True,8.921203516365495e-06,8.630413503851742e-06,8.668114787724335e-06,8.42609370010905e-06,True,True,True,True,True,True,M1.0,1.0930924e-05,2023-07-11T19:29:00.000,9.0,7.261911832756596e-06,True
267,8564,202307120431,742409460.0,True,7.821199687896296e-06,7.393180112558184e-06,7.469525826309109e-06,7.024978458503028e-06,True,True,True,True,True,True,M1.3,1.3423998e-05,2023-07-12T04:45:00.000,14.0,4.001661181973759e-06,True
268,8565,202307120510,742410960.0,True,8.657829312141985e-06,7.571471087430837e-06,7.74770524003543e-06,6.853923423477681e-06,True,True,True,True,True,True,M1.3,1.3514397e-05,2023-07-12T05:14:00.000,4.0,5.976358806947246e-06,True
269,8587,202307131222,742524360.0,True,9.242249689123128e-06,8.863545190251898e-06,8.950464689405635e-06,8.546475328330416e-06,True,True,True,True,True,True,C9.7,9.73576e-06,2023-07-13T12:44:00.000,22.0,3.93272102883202e-06,True
270,8590,202307131855,742548120.0,True,1.5839537809370086e-05,1.4402940905711148e-05,1.4634869330620859e-05,1.334429998678388e-05,True,True,True,True,True,True,M2.1,2.1225631e-05,2023-07-13T19:20:00.000,25.0,5.624520326819038e-06,True
271,8628,202307161736,742801740.0,True,2.3260654415935278e-05,1.8663711671251804e-05,1.9329918359289877e-05,1.540630000818055e-05,True,True,True,True,True,True,M4.0,4.0221756e-05,2023-07-16T17:46:00.000,10.0,1.9007078435606672e-06,True
272,8652,202307172241,742906560.0,True,1.6423900888185017e-05,1.3593788935395423e-05,1.403256828780286e-05,1.1591670954658184e-05,True,True,True,True,True,True,,2.7232702e-05,2023-07-17T22:54:00.000,13.0,4.955857093591476e-06,True
273,8653,202307172317,742908900.0,True,5.2726241847267374e-05,5.173463432583958e-05,5.2726241847267374e-05,5.209337541600689e-05,True,True,True,True,True,True,,5.0118208e-05,2023-07-17T23:34:00.000,17.0,7.1213817136595026e-06,True
274,8654,202307172337,742908900.0,True,5.2726241847267374e-05,5.173463432583958e-05,5.343315933714621e-05,5.2484243497019634e-05,True,True,True,True,True,True,M5.7,5.72082e-05,2023-07-18T00:06:00.000,29.0,4.889050615020096e-05,True
275,8664,202307181932,742981800.0,True,1.2163578503532335e-05,1.2019542737107258e-05,1.2054568287567236e-05,1.1971453204751015e-05,True,True,True,True,True,True,M1.3,1.3422655e-05,2023-07-18T19:48:00.000,16.0,4.823237759410404e-06,True
276,8665,202307182000,742981800.0,True,1.3386219507083297e-05,1.2247322047187481e-05,1.4728431779076345e-05,1.3090301763440948e-05,True,True,True,True,True,True,M1.4,1.4663434e-05,2023-07-18T20:05:00.000,5.0,1.1854419426526874e-05,True
277,8666,202307182016,742984140.0,True,1.3945338650955819e-05,1.2424137821653858e-05,1.2576792869367637e-05,1.1463435839687008e-05,True,True,True,True,True,True,M2.1,2.1471305e-05,2023-07-18T20:27:00.000,11.0,1.1797750630648807e-05,True
278,8680,202307191704,743059620.0,True,2.752739419520367e-05,2.4484310415573418e-05,2.502452662156429e-05,2.2159561922308058e-05,True,True,True,True,True,True,M3.8,3.8070546e-05,2023-07-19T17:25:00.000,21.0,1.9858559880958637e-06,True
279,8708,202307250136,743522700.0,True,1.2723496183753014e-05,1.1651951353996992e-05,1.1848816939163953e-05,1.0841300536412746e-05,True,True,True,True,True,True,,1.5381378e-05,2023-07-25T02:03:00.000,27.0,2.3724740003672196e-06,True
280,8715,202307252108,743591880.0,True,8.597531632403843e-06,7.960396942507941e-06,8.147000698954798e-06,7.283388640644262e-06,True,True,True,True,True,True,,1.657066e-05,2023-07-25T21:16:00.000,8.0,3.3901544611580903e-06,True
281,8719,202307260353,743616420.0,False,8.466991857858375e-06,8.233410881075542e-06,8.316860657942016e-06,8.051522854657378e-06,True,True,True,True,True,True,C9.2,9.292812e-06,2023-07-26T04:11:00.000,18.0,1.916502014864818e-06,True
282,8720,202307260421,743616780.0,True,1.1222806278965436e-05,9.506195056019351e-06,1.2478401004045736e-05,1.0972754353133496e-05,True,True,True,True,True,True,M1.2,1.2478365e-05,2023-07-26T04:28:00.000,7.0,7.732067388133146e-06,True
283,8725,202307261017,743639940.0,True,2.2980990252108313e-05,1.9328799680806696e-05,1.9591461750678718e-05,1.7205537005793303e-05,True,True,True,True,True,True,M4.6,4.633325e-05,2023-07-26T10:37:00.000,20.0,1.9427354800427565e-06,True
284,8729,202307261550,743659260.0,True,1.1238750630582217e-05,1.078954755939776e-05,1.1238750630582217e-05,1.0750448382168543e-05,True,True,True,True,True,True,M2.0,2.0603446e-05,2023-07-26T15:59:00.000,9.0,3.8381826925615314e-06,True
285,8730,202307262246,743684580.0,True,5.151381628820673e-06,4.631928732123924e-06,4.702204932982568e-06,4.270238605386112e-06,False,True,False,False,False,True,C9.2,9.2134405e-06,2023-07-26T23:01:00.000,15.0,2.0961404061381472e-06,True
286,8747,202307272204,743769600.0,True,1.5457197150681168e-05,1.5075865121616516e-05,1.5231291399686597e-05,1.4943569112801924e-05,True,True,True,True,True,True,M1.7,1.752843e-05,2023-07-27T22:34:00.000,30.0,5.040947144152597e-06,True
287,8755,202307281539,743831940.0,True,3.006238148373086e-05,2.5625209673307836e-05,2.640519778651651e-05,2.2139754946692847e-05,True,True,True,True,True,True,M4.1,4.1089203e-05,2023-07-28T15:58:00.000,19.0,1.5393284229503479e-06,True
288,8774,202307310842,744066120.0,True,1.1279435966571327e-05,9.801781743590254e-06,1.0051792742160615e-05,8.73330282047391e-06,True,True,True,True,True,True,M1.6,1.6997466e-05,2023-07-31T09:00:00.000,18.0,3.9392048165609594e-06,True
289,8780,202308010138,744127080.0,False,1.1328421351208817e-05,1.0353576726629399e-05,1.0212501365458593e-05,9.896765732264612e-06,True,True,True,True,True,True,M1.0,1.0174673e-05,2023-08-01T01:56:00.000,18.0,3.4648599012143677e-06,True
290,8781,202308010158,744127080.0,False,1.1328421351208817e-05,1.0314208338968456e-05,1.0212501365458593e-05,9.869359018921386e-06,True,True,True,True,True,True,M1.2,1.26898085e-05,2023-08-01T02:03:00.000,5.0,9.934339686878957e-06,True
291,8782,202308010427,744137340.0,True,1.8117500076186843e-05,1.651193633733783e-05,1.6822161342133768e-05,1.5274677934939973e-05,True,True,True,True,True,True,M2.2,2.2095008e-05,2023-08-01T04:47:00.000,20.0,3.620178631535964e-06,True
292,8784,202308010628,744145080.0,True,2.859736378013622e-05,2.6285504645784386e-05,2.6671928935684264e-05,2.4690454665687867e-05,True,True,True,True,True,True,M3.6,3.655864e-05,2023-08-01T06:57:00.000,29.0,4.130906745558605e-06,True
294,8795,202308020803,744236040.0,True,8.418736797466408e-06,7.707715667493176e-06,7.77754121372709e-06,7.263406132551609e-06,True,True,True,True,True,True,M1.3,1.3558652e-05,2023-08-02T08:12:00.000,9.0,5.0202202146465424e-06,True
295,8832,202308050239,744476160.0,True,7.945167453726754e-06,7.079389888531296e-06,7.254196134454105e-06,6.432668214984005e-06,True,True,True,True,True,True,C9.7,9.7056445e-06,2023-08-05T02:54:00.000,15.0,3.0634953418484656e-06,True
296,8834,202308050923,744500280.0,True,1.641300150367897e-05,1.4981837011873722e-05,1.5238881132972892e-05,1.3902215869165957e-05,True,True,True,True,True,True,M2.1,2.1335038e-05,2023-08-05T09:36:00.000,13.0,8.604027243563905e-06,True
297,8840,202308052145,744546180.0,True,0.00012200737546663731,0.00011100861593149602,0.00011269906826782972,0.00010347823263145983,True,True,True,True,True,True,X1.6,0.00016174681,2023-08-05T22:21:00.000,36.0,3.121840563835576e-06,True
298,8843,202308061820,744619320.0,True,3.173333243466914e-05,2.8390173611114733e-05,2.8794394893338904e-05,2.6087624064530246e-05,True,True,True,True,True,True,M5.5,5.507334e-05,2023-08-06T18:40:00.000,20.0,1.2049690667481627e-06,True
