,Flare_Number,Flare_ID,Trigger_Time,Cancelled?,Max_FOXSI,Mean_FOXSI,Max_HiC,Mean_HiC,Max_FOXSI_and_HiC_C5,Max_FOXSI_C5,Mean_FOXSI_C5,Max_HiC_C5,Mean_HiC_C5,Flare_C5,Flare_C5_10min,Flare_Class,Flare_Max_Flux,Peak_Time,Start_to_Peak,Background_Flux
0,70,201702240003,541167060.0,True,2.831590961704933e-07,2.2828146484243916e-07,2.3173964791567414e-07,1.952306547536864e-07,False,False,False,False,False,False,False,C1.6,1.6509745e-06,2017-02-24T00:12:00.000,9.0,1.1399695409863853e-07
1,165,201703271103,543885000.0,False,2.191528665207443e-06,1.6007793419703376e-06,1.6047373492256156e-06,1.2907971722597722e-06,False,False,False,False,False,True,False,C5.0,5.0370404e-06,2017-03-27T11:12:00.000,9.0,1.5002821385223797e-07
2,187,201703280313,543943260.0,False,6.332749649118341e-07,4.887324394076131e-07,4.765437040532561e-07,4.3330763332960487e-07,False,False,False,False,False,False,False,C4.7,4.7928793e-06,2017-03-28T03:23:00.000,10.0,4.0248244204121875e-07
3,251,201704012131,544354920.0,False,6.28130801487714e-05,5.996950130793266e-05,6.0873069742228836e-05,5.9502159274416044e-05,True,True,True,True,True,True,True,M6.8,6.87118e-05,2017-04-01T21:48:00.000,17.0,9.480689868723857e-07
4,252,201704012259,544359660.0,False,1.8664902654563775e-06,1.689896521384071e-06,1.7483438341514557e-06,1.5292962416424416e-06,False,False,False,False,False,True,False,C7.8,7.800008e-06,2017-04-01T23:03:00.000,4.0,1.0987513405780192e-06
5,257,201704020233,544373040.0,False,2.4938119622675003e-06,2.2492315565614263e-06,2.5123940758930985e-06,2.4248538466054015e-06,False,False,False,False,False,True,False,M1.2,1.2240209e-05,2017-04-02T02:46:00.000,13.0,6.917163091202383e-07
6,258,201704020251,544373040.0,False,2.4938119622675003e-06,2.2492315565614263e-06,2.5123940758930985e-06,2.4248538466054015e-06,False,False,False,False,False,False,False,C2.4,2.4316198e-06,2017-04-02T02:58:00.000,7.0,1.790348164831812e-06
7,261,201704020742,544391700.0,False,8.382352098124102e-05,7.361267489613965e-05,7.659530092496425e-05,6.47574634058401e-05,True,True,True,True,True,True,True,M8.3,8.383287e-05,2017-04-02T08:02:00.000,20.0,1.4673271380161168e-06
8,264,201704021250,544409760.0,False,3.033543544006534e-05,2.4820399630698375e-05,2.5404278858331963e-05,2.1394298528321087e-05,True,True,True,True,True,True,True,M3.6,3.6941372e-05,2017-04-02T13:00:00.000,10.0,9.497819064563373e-07
9,269,201704022026,544437000.0,False,4.330917363404296e-05,2.5763583835214376e-05,2.6342375349486247e-05,1.6465693988720886e-05,True,True,True,True,True,True,True,M8.8,8.884683e-05,2017-04-02T20:33:00.000,7.0,5.601001703325892e-06
10,276,201704030635,544472880.0,False,5.489792783919256e-06,4.730160071630962e-06,5.683662038791226e-06,5.2817990763287526e-06,True,True,False,True,True,True,True,,7.791969e-06,2017-04-03T06:52:00.000,17.0,3.871974058711203e-06
11,287,201704031417,544501380.0,False,7.655753142898902e-05,5.336824688129127e-05,5.615554618998431e-05,3.82042744604405e-05,True,True,True,True,True,True,True,,9.061434e-05,2017-04-03T14:28:00.000,11.0,5.51786024516332e-06
12,289,201704032005,544522320.0,True,4.257153705111705e-06,3.6418512081581866e-06,4.28960811404977e-06,3.699686885738629e-06,False,False,False,False,False,True,False,,7.823985e-06,2017-04-03T20:13:00.000,8.0,1.5227964240693836e-06
13,311,201704042131,544613700.0,True,1.5197243783404701e-06,1.1481375850053155e-06,1.5197243783404701e-06,1.259373902939842e-06,False,False,False,False,False,False,False,C3.2,3.2343546e-06,2017-04-04T21:36:00.000,5.0,5.669770644090022e-07
14,312,201704042144,544613700.0,True,1.5197243783404701e-06,1.1481375850053155e-06,1.5197243783404701e-06,1.259373902939842e-06,False,False,False,False,False,False,False,C1.4,1.4968915e-06,2017-04-04T21:48:00.000,4.0,9.332569561593118e-07
15,314,201704042329,544621200.0,True,1.963649765457376e-06,1.3977329444969655e-06,1.3606202173832571e-06,1.1551184115887736e-06,False,False,False,False,False,True,False,C7.6,7.6273077e-06,2017-04-04T23:42:00.000,13.0,6.815872666265932e-07
16,319,201704050452,544640040.0,True,8.048357358347857e-07,7.556498644589738e-07,7.769081662445387e-07,7.42265058306657e-07,False,False,False,False,False,False,False,C1.7,1.7874369e-06,2017-04-05T04:55:00.000,3.0,5.340402253750653e-07
18,332,201704061202,544752240.0,False,8.324298505613115e-06,6.86668090565945e-06,7.324897978833178e-06,5.680418780684704e-06,True,True,True,True,True,True,True,C8.6,8.650007e-06,2017-04-06T12:10:00.000,8.0,3.1955863732946455e-07
19,342,201704071942,544866360.0,False,1.954362232936546e-06,1.8279756659467239e-06,1.80276788341871e-06,1.791215595403628e-06,False,False,False,False,False,True,False,C6.7,6.7087285e-06,2017-04-07T19:49:00.000,7.0,1.448794506586637e-07
20,402,201704180924,545780160.0,False,4.4351713768264744e-06,4.258335593476659e-06,4.4351713768264744e-06,3.9830861169321e-06,False,False,False,False,False,True,False,C5.1,5.162689e-06,2017-04-18T09:41:00.000,17.0,1.1838033486810673e-07
21,490,201705281047,549240600.0,True,5.325210281625914e-07,4.623592531061149e-07,4.95064455208194e-07,4.019173900360329e-07,False,False,False,False,False,False,False,C1.1,1.198088e-06,2017-05-28T10:51:00.000,4.0,1.1573716562907066e-07
22,496,201705281920,549271560.0,False,3.365362999829813e-06,2.7183057227375684e-06,2.796326725729159e-06,2.339491629754775e-06,False,False,False,False,False,True,False,C5.1,5.1908414e-06,2017-05-28T19:28:00.000,8.0,1.421961002279204e-07
24,534,201706010137,549553200.0,False,8.011070349311922e-06,6.59759689369821e-06,7.039851880108472e-06,5.330565272743115e-06,True,True,True,True,True,True,True,M1.0,1.0207464e-05,2017-06-01T01:43:00.000,6.0,9.444300417271734e-07
25,539,201706010922,549581040.0,True,1.7034802795024007e-06,1.4243574923966662e-06,1.4279830793384463e-06,1.2891720189145417e-06,False,False,False,False,False,False,False,C3.8,3.8753756e-06,2017-06-01T09:25:00.000,3.0,1.114536189561477e-06
26,567,201706021751,549698040.0,False,5.5830550991231576e-06,4.582949259201996e-06,4.859250566369155e-06,3.7482679999811808e-06,False,True,False,False,False,True,False,,1.24234975e-05,2017-06-02T17:57:00.000,6.0,1.9842894971588976e-07
28,574,201706030946,549755640.0,False,2.268422349516186e-06,1.665849026721844e-06,1.7155171008198522e-06,1.2923774193041027e-06,False,False,False,False,False,False,False,C3.2,3.2656076e-06,2017-06-03T09:57:00.000,11.0,2.0473629547268501e-07
29,575,201706031443,549773640.0,False,1.3353806025406811e-06,1.1182321486558067e-06,1.0765476190499612e-06,9.529938438390673e-07,False,False,False,False,False,False,False,C3.9,3.9501815e-06,2017-06-03T14:56:00.000,13.0,1.279184118629928e-07
31,684,201707030633,552335760.0,True,2.5897352884385327e-07,1.8215945374322473e-07,1.8102178955814452e-07,1.4609135234877613e-07,False,False,False,False,False,False,False,C1.2,1.2212806e-06,2017-07-03T06:37:00.000,4.0,1.7135504037923965e-07
33,700,201707031605,552370380.0,False,4.131315108679701e-06,3.767989028347074e-06,4.009551048511639e-06,3.7087138480274007e-06,False,False,False,False,False,True,False,M2.0,2.035344e-05,2017-07-03T16:15:00.000,10.0,9.326345775662048e-07
35,757,201707071507,552712260.0,True,6.30111287591717e-07,4.672162958740955e-07,4.6653570962007507e-07,3.7436961974890437e-07,False,False,False,False,False,False,False,C1.2,1.2626556e-06,2017-07-07T15:11:00.000,4.0,3.031320545687777e-07
36,783,201707082344,552829920.0,False,1.039797894009098e-06,7.125859724510519e-07,7.005417614891485e-07,5.609460913547082e-07,False,False,False,False,False,True,False,C5.4,5.4071425e-06,2017-07-08T23:53:00.000,9.0,4.367742008071218e-07
37,787,201707090302,552841500.0,True,2.1505178665393032e-05,1.0011363883677404e-05,2.1505178665393032e-05,1.6296458852593787e-05,True,True,True,True,True,False,False,,1.1229612e-06,2017-07-09T03:06:00.000,4.0,3.404880715152103e-07
38,788,201707090309,552841500.0,True,2.1505178665393032e-05,1.0011363883677404e-05,2.1505178665393032e-05,1.6296458852593787e-05,True,True,True,True,True,False,True,,4.794067e-07,2017-07-09T03:10:00.000,1.0,4.957967689733778e-07
40,842,201707132001,553248180.0,False,6.137658601801377e-06,3.533024710122845e-06,3.484353101157467e-06,2.2900148906046525e-06,False,True,False,False,False,True,False,M1.2,1.2766834e-05,2017-07-13T20:05:00.000,4.0,5.399061251409876e-07
42,845,201707132127,553253460.0,True,6.998847652539553e-07,6.299351866800862e-07,6.525532398882206e-07,5.824931008646672e-07,False,False,False,False,False,False,False,C3.0,3.0416172e-06,2017-07-13T21:31:00.000,4.0,5.293365461511712e-07
43,846,201707132146,553254780.0,False,2.7621006211120402e-06,2.0874006168014603e-06,2.1747696337115485e-06,1.6457638594147284e-06,False,False,False,False,False,True,False,C9.3,9.327229e-06,2017-07-13T21:55:00.000,9.0,4.949567937728716e-07
44,864,201707151050,553387920.0,True,2.735116595431464e-07,2.685565902993403e-07,2.735116595431464e-07,2.662334281922085e-07,False,False,False,False,False,False,False,C2.1,2.1943633e-06,2017-07-15T10:53:00.000,3.0,2.676442250049149e-07
45,868,201707151920,553419060.0,False,7.3477626756357495e-06,5.744788268202683e-06,6.1349524003162514e-06,4.467538474273169e-06,True,True,True,True,False,True,True,C9.0,9.0573485e-06,2017-07-15T19:36:00.000,16.0,3.366514249592001e-07
47,876,201707161050,553474500.0,True,4.477515460621362e-07,3.778252448682906e-07,3.7357565929596603e-07,3.4845660934479383e-07,False,False,False,False,False,False,False,C2.3,2.3033867e-06,2017-07-16T10:57:00.000,7.0,3.6353293353386107e-07
49,878,201707161231,553480560.0,True,3.2690448392713733e-07,3.2110881420521764e-07,3.2711378139538283e-07,3.209105159385217e-07,False,False,False,False,False,False,False,C1.2,1.2583963e-06,2017-07-16T12:37:00.000,6.0,3.19948668447978e-07
50,890,201707170323,553534020.0,True,8.510416478202387e-07,5.462122771859867e-07,5.143787689121382e-07,4.258954220404121e-07,False,False,False,False,False,False,False,C3.6,3.6039758e-06,2017-07-17T03:28:00.000,5.0,2.798392415570561e-07
51,908,201707180818,553638420.0,False,1.5693540262873285e-06,1.4449233276536688e-06,1.5693540262873285e-06,1.4452539289777633e-06,False,False,False,False,False,False,False,C2.6,2.6505877e-06,2017-07-18T08:29:00.000,11.0,4.1593685295993055e-07
52,938,201708010738,554845440.0,False,1.5388070551125566e-06,1.2478935786930379e-06,1.2986967021788587e-06,1.0426435892441077e-06,False,False,False,False,False,False,False,C2.2,2.2989334e-06,2017-08-01T07:46:00.000,8.0,1.6725395823868894e-07
53,948,201708022353,554990220.0,True,5.944133363300352e-07,5.216718932388176e-07,4.5021283767709974e-07,4.5021283767709974e-07,False,False,False,False,False,False,False,nan,2.0606319e-07,2017-08-03T00:15:00.000,22.0,8.606826185086902e-08
54,961,201708140202,555948660.0,False,6.512624395327293e-07,4.327298483985942e-07,4.392167340938613e-07,3.1292753988054756e-07,False,False,False,False,False,False,False,,2.8165518e-06,2017-08-14T02:13:00.000,11.0,1.330347743078164e-07
55,970,201708141034,555979440.0,False,1.0424435004097177e-06,8.255275929514028e-07,8.352546387868642e-07,7.036745159894053e-07,False,False,False,False,False,False,False,,4.355793e-06,2017-08-14T10:46:00.000,12.0,1.4748546561804687e-07
57,977,201708141614,555999780.0,True,4.4223489226169477e-07,3.68807405948246e-07,3.7816556641701027e-07,3.2298544283548836e-07,False,False,False,False,False,False,False,,1.7879128e-06,2017-08-14T16:24:00.000,10.0,1.6178400130684167e-07
58,991,201708150206,556035240.0,True,4.300106297705497e-07,3.894373605817236e-07,4.034022254018055e-07,3.4807831639227516e-07,False,False,False,False,False,False,False,C1.7,1.7291226e-06,2017-08-15T02:14:00.000,8.0,1.9701199960309168e-07
59,992,201708150420,556043460.0,True,2.734690554007102e-07,2.476139400187094e-07,2.428306515867007e-07,2.3042645125315175e-07,False,False,False,False,False,False,False,C1.3,1.391194e-06,2017-08-15T04:31:00.000,11.0,1.1421440149206319e-07
60,1000,201708151142,556069740.0,True,4.303957723550411e-07,3.8435541682702024e-07,4.395069765905646e-07,4.1030185116142093e-07,False,False,False,False,False,False,False,C1.3,1.3760671e-06,2017-08-15T11:49:00.000,7.0,4.07648769851221e-07
61,1031,201708180846,556318320.0,True,3.890319248966989e-07,3.192463680079527e-07,3.264457291152212e-07,2.7739170604945684e-07,False,False,False,False,False,False,False,C1.5,1.5328689e-06,2017-08-18T08:52:00.000,6.0,1.9221820934944844e-07
62,1040,201708182101,556362180.0,True,2.0201255210849922e-06,1.693569174676668e-06,1.7011041109071812e-06,1.5196898175418028e-06,False,False,False,False,False,False,False,C4.7,4.7022245e-06,2017-08-18T21:04:00.000,3.0,1.203891201839724e-06
64,1043,201708190126,556378260.0,False,5.539161975320894e-06,5.217707439442165e-06,5.3371168178273365e-06,4.857588919549016e-06,True,True,True,True,False,True,False,C5.5,5.571371e-06,2017-08-19T01:37:00.000,11.0,5.053243512520567e-07
65,1113,201708250711,556917960.0,False,6.493949967989465e-06,6.070395102142356e-06,6.1361979533103295e-06,5.740935648645973e-06,True,True,True,True,True,True,True,C8.6,8.625802e-06,2017-08-25T07:27:00.000,16.0,1.6715982553705544e-07
66,1139,201708271507,557118900.0,True,3.65941264135472e-06,2.680227225937415e-06,2.870230673579499e-06,1.9222250102757243e-06,False,False,False,False,False,True,False,C9.7,9.706485e-06,2017-08-27T15:16:00.000,9.0,1.4872925646614021e-07
67,1158,201708290250,557247480.0,False,2.646922439453192e-06,2.2916574380360544e-06,2.3680879621679196e-06,2.0353425043140305e-06,False,False,False,False,False,False,False,C4.4,4.4283224e-06,2017-08-29T03:00:00.000,10.0,6.662507985311095e-07
68,1170,201708292214,557317020.0,True,9.140369456872577e-07,7.587657933072478e-07,7.776317829666368e-07,6.581636284863635e-07,False,False,False,False,False,False,False,C2.0,2.0085374e-06,2017-08-29T22:18:00.000,4.0,3.5935116216023744e-07
69,1184,201708301830,557390460.0,False,4.840678684558952e-06,3.1762376693222905e-06,3.2789830584079027e-06,2.2604056084674085e-06,False,False,False,False,False,True,False,C8.2,8.250815e-06,2017-08-30T18:45:00.000,15.0,3.0180191856743477e-07
70,1211,201709011530,557552100.0,True,1.8784787698677974e-06,1.7537981875648256e-06,1.851504066507914e-06,1.5802557982169674e-06,False,False,False,False,False,False,False,C3.1,3.181262e-06,2017-09-01T15:37:00.000,7.0,6.456880328187253e-07
71,1217,201709020012,557583240.0,True,1.1046038252970902e-06,9.149718493972614e-07,1.2355351373116719e-06,1.0297854942109552e-06,False,False,False,False,False,False,False,C3.1,3.1273253e-06,2017-09-02T00:14:00.000,2.0,1.1235847523494158e-06
72,1218,201709020024,557583240.0,True,1.1046038252970902e-06,9.149718493972614e-07,1.2355351373116719e-06,1.0297854942109552e-06,False,False,False,False,False,False,False,C1.1,1.1862121e-06,2017-09-02T00:28:00.000,4.0,8.059141123339941e-07
74,1252,201709041524,557810940.0,True,5.182714176044101e-06,4.595971404341981e-06,4.621759671863401e-06,4.270671979611507e-06,False,True,False,False,False,True,True,M2.3,2.3230836e-05,2017-09-04T15:30:00.000,6.0,4.618990715243854e-06
75,1263,201709050102,557845560.0,False,1.8671509678824805e-05,1.5606625311193056e-05,1.562149373057764e-05,1.3887353816244286e-05,True,True,True,True,True,True,True,M6.4,6.4639e-05,2017-09-05T01:08:00.000,6.0,6.535465217893943e-06
76,1268,201709050633,557864340.0,True,5.867472282261588e-06,5.601134034805e-06,5.667497134709265e-06,5.4655715757689904e-06,True,True,True,True,True,True,True,M5.8,5.8656748e-05,2017-09-05T06:40:00.000,7.0,5.138183951203246e-06
77,1274,201709051711,557903640.0,True,3.672238335639122e-06,3.228252580811386e-06,3.3154051379824523e-06,2.927905143224052e-06,False,False,False,False,False,True,False,C7.0,7.0940514e-06,2017-09-05T17:15:00.000,4.0,2.2975179945206037e-06
78,1275,201709051737,557905200.0,False,2.3710346795269288e-05,1.950166370079387e-05,2.000250606215559e-05,1.6833431800478138e-05,True,True,True,True,True,True,True,M3.5,3.581448e-05,2017-09-05T17:43:00.000,6.0,2.347313511563698e-06
79,1285,201709060852,557960580.0,False,0.0003105347859673202,0.00024167892115656286,0.0002565929025877267,0.00019206372962798923,True,True,True,True,True,True,True,X3.2,0.00032232684,2017-09-06T09:10:00.000,18.0,4.288362106308341e-06
80,1286,201709061152,557970900.0,False,0.0013751110527664423,0.0010945048416033387,0.0011309932451695204,0.0009029622306115925,True,True,True,True,True,True,True,X14.6,0.0014662761,2017-09-06T12:02:00.000,10.0,8.1222751759924e-06
81,1291,201709070459,558032460.0,False,1.6530757420696318e-05,1.276341481570853e-05,1.31743045130861e-05,1.0534746252233163e-05,True,True,True,True,True,True,True,M3.9,3.9022256e-05,2017-09-07T05:02:00.000,3.0,1.607341005183116e-06
83,1296,201709070948,558049980.0,True,5.249634341453202e-06,3.831192771031056e-06,3.811828719335608e-06,3.1872295949142426e-06,False,True,False,False,False,True,False,M2.3,2.3147917e-05,2017-09-07T09:54:00.000,6.0,2.0368747755128425e-06
84,1297,201709071014,558051240.0,False,1.283985602640314e-05,5.963494459138019e-06,4.918534614262171e-06,3.521693770380807e-06,False,True,True,False,False,True,True,X1.2,0.0001206636,2017-09-07T10:15:00.000,1.0,2.7608152777247597e-06
85,1302,201709071416,558066720.0,False,0.0001597515947651118,0.0001341697497991845,0.00013447915262077004,0.0001224371517309919,True,True,True,True,True,True,True,X2.1,0.00021885491,2017-09-07T14:36:00.000,20.0,1.4748017065358e-06
87,1312,201709072313,558098100.0,True,2.5740760065673385e-06,2.261292365801637e-06,2.7872142709384207e-06,2.4693556497368263e-06,False,False,False,False,False,True,False,C6.5,6.5419504e-06,2017-09-07T23:15:00.000,2.0,2.1995135739416583e-06
88,1314,201709080136,558106800.0,True,1.6353341152353096e-06,1.452241463084647e-06,1.441271933799726e-06,1.3932036608821363e-06,False,False,False,False,False,True,False,C8.3,8.309263e-06,2017-09-08T01:40:00.000,4.0,1.5506219597227755e-06
89,1315,201709080218,558109320.0,False,8.837822861096356e-06,7.206391728686867e-06,7.460294909833465e-06,5.986658379697474e-06,True,True,True,True,True,True,True,M2.0,2.0416051e-05,2017-09-08T02:24:00.000,6.0,1.365269667985558e-06
90,1316,201709080328,558114060.0,False,1.581212359269557e-06,1.5453713331226027e-06,1.5243488178384723e-06,1.5126302059798036e-06,False,False,False,False,False,False,False,C2.2,2.2697964e-06,2017-09-08T03:34:00.000,6.0,1.2053284308422008e-06
91,1317,201709080339,558114060.0,False,1.581212359269557e-06,1.5321884347940795e-06,1.5323776096920483e-06,1.4802471923758276e-06,False,False,False,False,False,True,False,M1.8,1.8659419e-05,2017-09-08T03:43:00.000,4.0,1.6727922229620162e-06
92,1318,201709080701,558126420.0,True,1.5511602668993874e-06,1.4936759953343426e-06,1.9137689832859905e-06,1.602104362063983e-06,False,False,False,False,False,True,False,C9.5,9.580157e-06,2017-09-08T07:08:00.000,7.0,1.201708073494956e-06
93,1319,201709080717,558126420.0,True,1.5511602668993874e-06,1.4936759953343426e-06,1.9137689832859905e-06,1.602104362063983e-06,False,False,False,False,False,False,False,C2.4,2.418737e-06,2017-09-08T07:28:00.000,11.0,1.4482419601336005e-06
94,1320,201709080739,558128700.0,False,9.225960093317553e-05,7.480603380827233e-05,7.705457392148674e-05,6.353799835778773e-05,True,True,True,True,True,True,True,X1.2,0.000126714,2017-09-08T07:49:00.000,10.0,1.3854731832907419e-06
95,1324,201709081204,558144720.0,True,1.2353865486147697e-06,1.22239009670011e-06,1.247755108124693e-06,1.2278792382858228e-06,False,False,False,False,False,True,False,C9.1,9.155272e-06,2017-09-08T12:13:00.000,9.0,1.3004211041334202e-06
96,1365,201709120719,558473160.0,False,2.0876998405583436e-06,1.3507024050340988e-06,1.402228576807829e-06,9.253731718672498e-07,False,False,False,False,False,False,False,C4.7,4.752443e-06,2017-09-12T07:29:00.000,10.0,1.9100447445907776e-07
98,1408,201709260229,559665180.0,False,3.842726528091589e-07,2.8064724233445304e-07,2.8754982395184925e-07,2.609013165510987e-07,False,False,False,False,False,False,False,C2.8,2.8811164e-06,2017-09-26T02:34:00.000,5.0,2.193315253862238e-07
99,1442,201710061624,560579580.0,True,3.500279035506537e-07,3.274411426446022e-07,3.500279035506537e-07,3.2233688784799597e-07,False,False,False,False,False,False,False,C1.5,1.5219249e-06,2017-10-06T16:34:00.000,10.0,2.8207713853589667e-07
100,1546,201712282220,567772140.0,True,1.999837451194253e-07,1.4413127757961774e-07,1.480260749531226e-07,1.1614940831350395e-07,False,False,False,False,False,False,False,C1.2,1.2785371e-06,2017-12-28T22:29:00.000,9.0,2.6722728918571192e-08
101,1612,201802071330,571282620.0,False,1.2620257621165365e-05,1.1100375559180975e-05,1.2620257621165365e-05,1.0044457667390816e-05,True,True,True,True,True,True,True,M1.2,1.2611493e-05,2018-02-07T13:47:00.000,17.0,1.0241047476711174e-07
102,1717,201803300753,575668860.0,False,2.4822008981573163e-06,1.2754125009450945e-06,1.4212251926437602e-06,5.978059220979048e-07,False,False,False,False,False,True,False,C7.1,7.1864533e-06,2018-03-30T08:04:00.000,11.0,1.8600513129740648e-08
103,1839,201805281458,580791960.0,True,2.5281391913267726e-07,2.200148543352043e-07,2.1558631146945118e-07,2.0682682588812895e-07,False,False,False,False,False,False,False,C1.0,1.0975367e-06,2018-05-28T15:07:00.000,9.0,1.19269827791868e-07
104,1842,201805281703,580799340.0,False,1.9008318759006215e-06,1.057234953805164e-06,9.670142162576667e-07,7.415856657644326e-07,False,False,False,False,False,True,False,C5.1,5.1026727e-06,2018-05-28T17:14:00.000,11.0,2.2558802470484807e-07
105,1931,201806210107,582815520.0,False,4.12780281067171e-07,2.4249905550277617e-07,2.092412785259512e-07,1.8652367828053684e-07,False,False,False,False,False,False,False,C3.2,3.287861e-06,2018-06-21T01:15:00.000,8.0,1.3291808897974988e-07
106,2042,201901300556,602100300.0,False,7.791591087880079e-06,6.148391548776999e-06,6.642553671554197e-06,4.8135939323401544e-06,True,True,True,True,False,True,False,,8.233701e-06,2019-01-30T06:11:00.000,15.0,1.956161810312551e-07
108,2052,201901301659,602139840.0,True,3.462280346866464e-07,2.921884458828572e-07,2.969805166230799e-07,2.5801944047998404e-07,False,False,False,False,False,False,False,,1.5070774e-06,2019-01-30T17:05:00.000,6.0,1.6096979038593417e-07
110,2088,201903210308,606409860.0,True,1.8023245047515957e-06,1.3662057654073578e-06,1.374926682728983e-06,1.1300552387183416e-06,False,False,False,False,False,True,False,C8.7,8.7490735e-06,2019-03-21T03:12:00.000,4.0,8.855899977788795e-07
111,2094,201903211551,606456000.0,True,1.0158360055356752e-06,9.978838306778925e-07,9.627810868551023e-07,9.627810868551023e-07,False,False,False,False,False,False,False,B3.7,3.7653228e-07,2019-03-21T15:56:00.000,5.0,2.680579598290933e-07
112,2254,201905060504,610391220.0,False,3.098672038959194e-07,2.0990279381294386e-07,1.9121762306895107e-07,1.8441915017319843e-07,False,False,False,False,False,True,False,M1.5,1.5136375e-05,2019-05-06T05:09:00.000,5.0,1.3679401433819294e-07
113,2260,201905060955,610408740.0,False,3.482229828932759e-07,2.4518575969523226e-07,2.3169677376699838e-07,2.0966405145372846e-07,False,False,False,False,False,False,False,C2.2,2.280625e-06,2019-05-06T10:02:00.000,7.0,2.068014453016076e-07
115,2265,201905061745,610436880.0,True,7.825076977496792e-07,4.3278785710754164e-07,7.825076977496792e-07,3.565118333881401e-07,False,False,False,False,False,False,False,C1.5,1.5380309e-06,2019-05-06T17:49:00.000,4.0,1.777762435040131e-07
116,2283,201905090537,610652760.0,False,7.737507985439152e-06,4.671559054258978e-06,4.8880806389206555e-06,2.864512907763128e-06,False,True,False,False,False,True,False,M1.0,1.0335272e-05,2019-05-09T05:51:00.000,14.0,6.94390109856613e-08
117,2297,201905151914,611220180.0,True,3.9497655279774335e-07,2.812884929426218e-07,2.7532198032531596e-07,2.255678595020072e-07,False,False,False,False,False,False,False,C3.0,3.0421622e-06,2019-05-15T19:24:00.000,10.0,4.229752548212673e-08
118,2320,202005290713,644008860.0,False,1.0915831580859958e-06,5.783332994724333e-07,5.556021847041848e-07,3.591459574181499e-07,False,False,False,False,False,True,False,M1.1,1.1908082e-05,2020-05-29T07:24:00.000,11.0,1.2332827736827312e-07
119,2323,202005291041,644021100.0,True,5.025985387874243e-07,3.0645571769127855e-07,3.1692343327449635e-07,2.017458626824009e-07,False,False,False,False,False,True,False,C9.3,9.381957e-06,2020-05-29T10:46:00.000,5.0,5.767600441686227e-08
120,2350,202008080342,650130480.0,True,5.01114186590712e-07,3.143040885333903e-07,3.15692716412741e-07,2.187030645472987e-07,False,False,False,False,False,False,False,C1.5,1.5394397e-06,2020-08-08T03:49:00.000,7.0,3.235227907794069e-08
121,2394,202010161457,656132940.0,True,8.398259296882316e-07,5.109413905302063e-07,5.109846483719593e-07,3.4246659197378904e-07,False,False,False,False,False,False,False,C3.5,3.5196545e-06,2020-10-16T15:11:00.000,14.0,1.0408885486867803e-07
122,2417,202010270611,657051300.0,True,2.124406591974548e-06,1.996402716031298e-06,2.0807058263017097e-06,1.8320984054298606e-06,False,False,False,False,False,False,False,,4.378585e-06,2020-10-27T06:16:00.000,5.0,1.7366922122619144e-07
123,2530,202011221722,659338080.0,False,1.8550038021203363e-06,1.625104800950794e-06,1.5897758203209378e-06,1.5525547496508807e-06,False,False,False,False,False,False,False,C3.3,3.3900835e-06,2020-11-22T17:31:00.000,9.0,4.4249699726606195e-07
124,2556,202011260652,659645640.0,True,5.52464882730419e-07,5.460632905851526e-07,5.502691351466638e-07,5.45243892702274e-07,False,False,False,False,False,False,False,C1.8,1.8274133e-06,2020-11-26T06:55:00.000,3.0,5.748790954385186e-07
125,2764,202102271751,667720740.0,True,1.3551853044191375e-06,9.508823950454826e-07,1.2062928362865932e-06,6.196785875545174e-07,False,False,False,False,False,False,False,C2.7,2.789763e-06,2021-02-27T18:00:00.000,9.0,5.6987129681829174e-08
126,2766,202102280640,667766700.0,True,4.5355446331996063e-07,1.8613705776715506e-07,1.4752968979792058e-07,8.987441191266043e-08,False,False,False,False,False,False,False,C3.9,3.950662e-06,2021-02-28T06:46:00.000,6.0,4.414635412786083e-08
127,2886,202104220716,672348120.0,True,1.044214513967745e-06,9.509192864243232e-07,1.0885931942539173e-06,1.0067066114061163e-06,False,False,False,False,False,False,False,C2.3,2.3463958e-06,2021-04-22T07:23:00.000,7.0,5.219609420237248e-07
129,2888,202104220914,672355020.0,False,3.26772919834184e-06,2.8739193567162147e-06,2.8549325179483276e-06,2.675150199138443e-06,False,False,False,False,False,False,False,C4.3,4.364932e-06,2021-04-22T09:21:00.000,7.0,3.61734862508456e-07
130,2897,202104222002,672393960.0,False,5.812159997731214e-06,5.024312031309819e-06,4.995054041501135e-06,4.496761448535835e-06,False,True,True,False,False,True,False,C8.5,8.560342e-06,2021-04-22T20:11:00.000,9.0,3.6614457599171146e-07
131,2997,202105081822,673770660.0,False,8.511567102686968e-06,7.350072792178253e-06,8.639720363134984e-06,8.168605745595414e-06,True,True,True,True,True,True,True,C8.6,8.635635e-06,2021-05-08T18:45:00.000,23.0,9.457845351334981e-08
132,3058,202105211915,674897100.0,False,7.528052492489223e-07,4.1971577502408763e-07,3.9023768749757437e-07,2.799525589125551e-07,False,False,False,False,False,False,False,C4.8,4.803862e-06,2021-05-21T19:28:00.000,13.0,7.921880040839824e-08
134,3067,202105220247,674923980.0,False,5.220942966843722e-07,2.6448947210155893e-07,2.1988550713558652e-07,1.8336108098537807e-07,False,False,False,False,False,True,False,C6.1,6.148633e-06,2021-05-22T02:56:00.000,9.0,1.5417064958000992e-07
135,3070,202105220606,674936040.0,False,3.862417543132324e-06,1.5414861991303042e-06,1.3584261751020676e-06,6.057570658413169e-07,False,False,False,False,False,True,False,C6.0,6.0078874e-06,2021-05-22T06:17:00.000,11.0,9.755242302844636e-08
136,3075,202105221512,674970840.0,True,4.215520732486766e-07,3.796498049268848e-07,5.136527647664479e-07,4.2255373955413233e-07,False,False,False,False,False,False,False,C3.2,3.2020396e-06,2021-05-22T15:35:00.000,23.0,2.850009650501306e-07
137,3076,202105221603,674970840.0,True,4.215520732486766e-07,3.796498049268848e-07,5.136527647664479e-07,4.2255373955413233e-07,False,False,False,False,False,False,False,C1.7,1.797599e-06,2021-05-22T16:18:00.000,15.0,2.7695105586644786e-07
138,3077,202105221703,674975280.0,False,4.867571988143027e-06,2.7314838462189073e-06,2.8087404189136578e-06,1.621071191948431e-06,False,False,False,False,False,True,False,M1.1,1.190033e-05,2021-05-22T17:11:00.000,8.0,3.4732767062450876e-07
139,3080,202105222130,674991120.0,False,1.0000842848967295e-05,6.6724255702865776e-06,7.180824013630627e-06,4.5087808757671155e-06,True,True,True,True,False,True,True,M1.4,1.4849428e-05,2021-05-22T21:36:00.000,6.0,5.559995202020218e-07
141,3091,202105230447,675017460.0,True,3.3610172067710664e-07,2.5728243713274423e-07,6.207185947459948e-07,3.5214125659877027e-07,False,False,False,False,False,False,False,,1.0821788e-06,2021-05-23T04:51:00.000,4.0,2.688969402697694e-07
142,3092,202105230459,675017460.0,True,3.3610172067710664e-07,2.5728243713274423e-07,6.207185947459948e-07,3.5214125659877027e-07,False,False,False,False,False,False,False,,2.7266583e-06,2021-05-23T05:10:00.000,11.0,1.8584650263164804e-07
143,3098,202105231027,675039840.0,False,6.735236183885718e-06,5.565995252254652e-06,4.482233180169715e-06,4.482233180169715e-06,False,True,True,False,False,False,False,,9.01474e-07,2021-05-23T10:48:00.000,21.0,1.7935232676791202e-07
144,3099,202105231100,675039840.0,False,6.735236183885718e-06,4.4356074795359746e-06,4.482233180169715e-06,3.141707566101104e-06,False,True,False,False,False,True,False,,1.19252845e-05,2021-05-23T11:08:00.000,8.0,5.556071300816257e-07
145,3103,202105231654,675061380.0,False,6.242016183932719e-07,4.4094943518757646e-07,3.669658497074124e-07,3.3372958796462626e-07,False,False,False,False,False,False,False,,3.3640367e-07,2021-05-23T16:56:00.000,2.0,1.0664168570428956e-07
146,3104,202105231700,675061380.0,False,6.242016183932719e-07,3.7707380329266016e-07,3.669658497074124e-07,2.604614905976632e-07,False,False,False,False,False,False,False,,2.2874967e-06,2021-05-23T17:05:00.000,5.0,2.2146349465401727e-07
147,3146,202105262026,675333360.0,False,2.6685625016398262e-06,2.3354566565103596e-06,2.4370983737753704e-06,2.0379295619932236e-06,False,False,False,False,False,False,False,C3.0,3.0963167e-06,2021-05-26T20:37:00.000,11.0,4.7235278088919586e-07
148,3147,202105262117,675336120.0,False,2.9434659154503606e-06,2.860929498638143e-06,3.250274176025414e-06,2.977086523969774e-06,False,False,False,False,False,False,False,C3.8,3.8621524e-06,2021-05-26T21:24:00.000,7.0,3.995349686647387e-07
149,3148,202105262129,675336120.0,False,2.9434659154503606e-06,2.860929498638143e-06,3.250274176025414e-06,2.977086523969774e-06,False,False,False,False,False,False,False,C2.9,2.9360365e-06,2021-05-26T21:32:00.000,3.0,2.712610239541391e-06
150,3149,202105262134,675336120.0,False,2.9434659154503606e-06,2.860929498638143e-06,3.250274176025414e-06,2.977086523969774e-06,False,False,False,False,False,False,False,C3.4,3.4276843e-06,2021-05-26T21:38:00.000,4.0,2.8688375550700584e-06
151,3176,202105280947,675467760.0,True,5.558635507441068e-07,4.1173453269038873e-07,4.1239050574404246e-07,3.3824915135483025e-07,False,False,False,False,False,False,False,C3.0,3.0162555e-06,2021-05-28T09:57:00.000,10.0,1.900518640240989e-07
152,3194,202106010427,675793800.0,True,2.531943437134032e-07,1.7484114778199e-07,1.7639810323544225e-07,1.3456168801440072e-07,False,False,False,False,False,False,False,C1.6,1.6964219e-06,2021-06-01T04:31:00.000,4.0,7.998952611387722e-08
154,3233,202106081046,676421400.0,True,7.812236617610324e-07,6.620561521231139e-07,6.657240305685264e-07,5.885533482796745e-07,False,False,False,False,False,False,False,C1.4,1.4293674e-06,2021-06-08T10:53:00.000,7.0,2.548504483002034e-07
155,3238,202106081716,676444860.0,False,1.2830228115490172e-06,-6666.0,-9999.0,-9999.0,False,False,False,False,False,False,False,C2.4,2.4075077e-06,2021-06-08T17:23:00.000,7.0,1.8936306389605306e-07
157,3251,202106091150,676511880.0,True,7.515330366913986e-07,7.31692068711709e-07,7.837616635697486e-07,7.407820135085785e-07,False,False,False,False,False,False,False,C1.7,1.7355558e-06,2021-06-09T11:59:00.000,9.0,4.1372476289325277e-07
158,3302,202107030704,678568260.0,False,2.1189413018873893e-05,1.2750250789395068e-05,1.3152715837350115e-05,8.687572517374065e-06,True,True,True,True,True,True,True,M2.7,2.7347016e-05,2021-07-03T07:17:00.000,13.0,3.4340794741183345e-07
159,3304,202107031418,678594360.0,False,5.10374920850154e-05,3.095134889008477e-05,3.164749432471581e-05,1.97310891962843e-05,True,True,True,True,True,True,True,X1.5,0.00015937346,2021-07-03T14:29:00.000,11.0,4.831926503356954e-07
161,3307,202107031659,678603660.0,False,8.022876500035636e-06,6.447682153520873e-06,6.699323421344161e-06,5.302698355080793e-06,True,True,True,True,True,True,True,M1.0,1.0480199e-05,2021-07-03T17:03:00.000,4.0,6.654666435679246e-07
162,3316,202107040501,678646980.0,False,1.3149679944035597e-05,8.759438969718758e-06,8.91430681804195e-06,6.340376330626896e-06,True,True,True,True,True,True,True,M1.5,1.5096588e-05,2021-07-04T05:09:00.000,8.0,2.803548682095425e-07
163,3364,202107091715,679123260.0,False,2.2223398445930798e-06,1.4184893188939895e-06,1.443923110855394e-06,9.699097063275985e-07,False,False,False,False,False,False,False,,4.769688e-06,2021-07-09T17:25:00.000,10.0,1.020576476662427e-07
164,3394,202107160827,679696500.0,False,9.913929943650146e-07,8.257240438069857e-07,8.364606287614151e-07,7.389378993138962e-07,False,False,False,False,False,False,False,C1.7,1.7744297e-06,2021-07-16T08:37:00.000,10.0,1.0853153042944541e-07
165,3487,202108132059,682160820.0,True,2.035508543940523e-07,1.8354556630129082e-07,1.9021780417460832e-07,1.6456321816349373e-07,False,False,False,False,False,False,False,C1.4,1.4956584e-06,2021-08-13T21:08:00.000,9.0,4.6616012383537964e-08
166,3498,202108201545,682746420.0,True,3.0997102840046864e-06,2.600530251584132e-06,3.0997102840046864e-06,2.385395873716334e-06,False,False,False,False,False,False,False,C1.7,1.7985176e-06,2021-08-20T15:48:00.000,3.0,2.995878674028063e-07
167,3499,202108201550,682746420.0,True,3.0997102840046864e-06,2.600530251584132e-06,3.0997102840046864e-06,2.385395873716334e-06,False,False,False,False,False,False,False,C3.0,3.0892616e-06,2021-08-20T15:57:00.000,7.0,1.4207322465153993e-06
169,3530,202108221016,682899480.0,True,5.815761596750235e-07,4.577998424792895e-07,4.6116358021208725e-07,3.895277131960029e-07,False,False,False,False,False,False,False,C1.9,1.9267409e-06,2021-08-22T10:19:00.000,3.0,3.3966296086873626e-07
170,3563,202108262317,683292060.0,True,5.43585883860942e-07,4.256066574725992e-07,4.797817041435337e-07,3.360306379818212e-07,False,False,False,False,False,False,False,,3.989944e-06,2021-08-26T23:22:00.000,5.0,2.746759832916723e-07
171,3584,202108290954,683503320.0,True,1.5045662848933716e-06,1.4419562148759724e-06,1.4361999092216138e-06,1.4079969332669862e-06,False,False,False,False,False,True,False,C8.1,8.152766e-06,2021-08-29T10:03:00.000,9.0,5.8354680732009e-07
172,3602,202108302126,683631180.0,True,7.858796493565023e-07,7.275583016053133e-07,7.299027515728085e-07,6.947948349989019e-07,False,False,False,False,False,False,False,C3.0,3.0363972e-06,2021-08-30T21:34:00.000,8.0,4.104721256226185e-07
173,3718,202109211143,685497120.0,True,4.488883860176429e-07,3.3643937058513984e-07,3.404483948088455e-07,2.784715320558462e-07,False,False,False,False,False,False,False,C1.8,1.8566541e-06,2021-09-21T11:53:00.000,10.0,1.324990250850533e-07
174,3742,202109222004,685613580.0,True,3.900498199982394e-07,3.0634092240688915e-07,3.900498199982394e-07,2.710947342166037e-07,False,False,False,False,False,False,False,C1.1,1.1138885e-06,2021-09-22T20:14:00.000,10.0,1.4454126073815132e-07
175,3753,202109231503,685682640.0,False,1.484850508859381e-05,1.2972354852536228e-05,1.383652943331981e-05,1.2162137863924727e-05,True,True,True,True,True,False,True,B5.5,5.5606114e-07,2021-09-23T15:14:00.000,11.0,2.0491397378918919e-07
176,3754,202109231523,685682640.0,False,1.484850508859381e-05,1.2972354852536228e-05,1.383652943331981e-05,1.0851807019207627e-05,True,True,True,True,True,True,True,M1.8,1.8951738e-05,2021-09-23T15:28:00.000,5.0,4.0133667766895087e-07
177,3760,202109240633,685738740.0,False,5.86408759772894e-07,4.877256287727505e-07,4.072647357133974e-07,4.072647357133974e-07,False,False,False,False,False,False,False,B2.3,2.3790297e-07,2021-09-24T06:42:00.000,9.0,1.74557428067601e-07
178,3761,202109240656,685738740.0,False,5.86408759772894e-07,4.0427752878713363e-07,4.072647357133974e-07,3.1740225381327036e-07,False,False,False,False,False,False,False,C2.9,2.9888786e-06,2021-09-24T07:01:00.000,5.0,1.7349607617234142e-07
180,3777,202109261120,685927440.0,True,3.065784994760179e-07,2.7443726935416635e-07,2.7518518663782743e-07,2.557205220909964e-07,False,False,False,False,False,False,False,C1.6,1.6801193e-06,2021-09-26T11:24:00.000,4.0,1.5334109093601e-07
181,3850,202110070235,686846640.0,False,2.839057287928881e-06,1.8779538777380367e-06,1.918068164741271e-06,1.367518621009367e-06,False,False,False,False,False,True,False,C5.5,5.512031e-06,2021-10-07T02:46:00.000,11.0,1.3808163146222796e-07
182,3872,202110090619,687033060.0,False,1.5969764717738144e-05,1.4450862181547564e-05,1.4935571925889235e-05,1.308720402448671e-05,True,True,True,True,True,True,True,M1.6,1.6014299e-05,2021-10-09T06:38:00.000,19.0,1.215662450704258e-07
183,3911,202110140124,687447180.0,True,8.365705639334919e-07,6.481432137661614e-07,6.900924063302227e-07,5.124216500007606e-07,False,False,False,False,False,False,False,C2.2,2.2733884e-06,2021-10-14T01:34:00.000,10.0,2.3248713887369377e-07
184,3969,202110251947,688463580.0,False,3.0335222618305124e-06,1.5339297760874615e-06,1.4421359537664102e-06,9.106103675549093e-07,False,False,False,False,False,True,False,C8.5,8.57363e-06,2021-10-25T19:56:00.000,9.0,4.337103689522337e-07
186,3975,202110260240,688488300.0,False,5.736555522162234e-06,3.108919372607488e-06,3.0247972517827293e-06,1.9413446352700703e-06,False,True,False,False,False,True,False,M1.3,1.3275506e-05,2021-10-26T02:47:00.000,7.0,1.3707050356970285e-06
187,3979,202110260556,688500060.0,False,4.363610514701577e-06,3.1972958822734654e-06,3.3238834475923795e-06,2.502779807400657e-06,False,False,False,False,False,True,False,C7.8,7.841892e-06,2021-10-26T06:04:00.000,8.0,9.850932656263467e-07
189,3992,202110270950,688600380.0,True,9.198778343488812e-07,7.319533779082121e-07,7.421307941513078e-07,6.319854151115578e-07,False,False,False,False,False,False,False,C2.8,2.8344862e-06,2021-10-27T09:54:00.000,4.0,6.216061478880874e-07
190,4005,202110280730,688678680.0,False,5.890951797482558e-06,5.336320555215934e-06,5.319064257491846e-06,5.005281764169922e-06,True,True,True,True,True,True,True,,1.42382005e-05,2021-10-28T07:40:00.000,10.0,6.151811362542503e-07
191,4007,202110281019,688688700.0,False,1.4789121451030951e-05,1.1319411896693055e-05,1.1976007044722792e-05,8.954774784797337e-06,True,True,True,True,True,True,True,,2.2170429e-05,2021-10-28T10:28:00.000,9.0,7.973375204528566e-07
192,4012,202110281517,688706760.0,False,0.00010014470899477601,9.484636393608525e-05,9.872533701127395e-05,8.701568731339648e-05,True,True,True,True,True,True,True,,0.00010014471,2021-10-28T15:35:00.000,18.0,5.592752927441325e-07
193,4029,202110300307,688835640.0,True,9.675777619122528e-07,8.242203080044419e-07,8.33187527859991e-07,7.490002644772176e-07,False,False,False,False,False,False,False,C3.9,3.919437e-06,2021-10-30T03:15:00.000,8.0,3.7771206962133874e-07
194,4044,202110310320,688921860.0,True,1.7651847201705095e-06,1.4810169659540406e-06,1.7651847201705095e-06,1.6233951782851364e-06,False,False,False,False,False,False,False,C1.7,1.7632939e-06,2021-10-31T03:24:00.000,4.0,1.2799290516340989e-06
195,4076,202111051527,689398200.0,True,6.189500822983973e-07,5.923599815105263e-07,8.64489550167491e-07,6.624307502534066e-07,False,False,False,False,False,False,False,C1.6,1.695856e-06,2021-11-05T15:30:00.000,3.0,1.581678503725925e-07
196,4077,202111051541,689398200.0,True,6.189500822983973e-07,5.923599815105263e-07,8.64489550167491e-07,6.624307502534066e-07,False,False,False,False,False,False,False,B8.7,8.732247e-07,2021-11-05T15:46:00.000,5.0,5.159594707038195e-07
197,4224,202112050313,691946460.0,False,4.255888143234188e-06,3.29332488036016e-06,3.3272574455622816e-06,2.7356782084098086e-06,False,False,False,False,False,False,False,C4.9,4.939303e-06,2021-12-05T03:23:00.000,10.0,4.5633879608431016e-07
198,4285,202112161519,692940360.0,True,6.647204031651199e-07,6.44989825104858e-07,6.569356401087134e-07,6.435922728087462e-07,False,False,False,False,False,False,False,C3.3,3.3882964e-06,2021-12-16T15:27:00.000,8.0,6.166751518321689e-07
199,4311,202112191615,693202980.0,True,6.317861220850318e-07,6.111219477134e-07,6.577982389899262e-07,6.263310297072167e-07,False,False,False,False,False,False,False,C1.8,1.8100349e-06,2021-12-19T16:23:00.000,8.0,5.726124641114438e-07
200,4336,202112211131,693358980.0,True,5.383748884923989e-06,4.612838438333711e-06,4.710359007731313e-06,4.080432518094312e-06,False,True,False,False,False,True,True,M1.4,1.4847395e-05,2021-12-21T11:44:00.000,13.0,7.079872261783748e-07
201,4399,202112280350,693935880.0,False,1.2976978723600041e-05,9.891454283206258e-06,1.0322270100004971e-05,7.865350198699161e-06,True,True,True,True,True,True,True,M1.8,1.8930677e-05,2021-12-28T04:01:00.000,11.0,1.298649635828042e-06
202,4404,202112281559,693979500.0,False,1.5069351320562419e-05,1.2009681086055934e-05,1.256033283425495e-05,9.836902790993918e-06,True,True,True,True,True,True,True,M1.6,1.6229069e-05,2021-12-28T16:11:00.000,12.0,5.830523832628387e-07
203,4408,202112290418,694024020.0,True,1.0177137710343231e-06,9.214125498147041e-07,9.224060590895533e-07,8.679339771333616e-07,False,False,False,False,False,False,False,C4.6,4.677492e-06,2021-12-29T04:28:00.000,10.0,4.747442403640889e-07
204,4424,202201010707,694293300.0,False,1.0567071512923576e-05,9.419451998837758e-06,1.1349643500579987e-05,1.0309579920431133e-05,True,True,True,True,True,True,True,M1.1,1.1333274e-05,2022-01-01T07:30:00.000,23.0,2.685527533685672e-07
205,4484,202201140147,695397360.0,False,1.8231467038276605e-05,1.5612515198881738e-05,1.6217032680287957e-05,1.3482444046530873e-05,True,True,True,True,True,True,True,M1.8,1.8399107e-05,2022-01-14T02:03:00.000,16.0,4.913426892017014e-07
206,4517,202201181948,695807400.0,True,2.9143504889361793e-06,2.659822484929464e-06,2.703447307794704e-06,2.4741323159105377e-06,False,False,False,False,False,True,False,C5.7,5.7877646e-06,2022-01-18T19:51:00.000,3.0,1.5074809880388784e-06
208,4550,202201251021,696378360.0,False,2.262963562316145e-06,1.9164422155881766e-06,1.9801668713625986e-06,1.6526931858606986e-06,False,False,False,False,False,False,False,C3.7,3.7861466e-06,2022-01-25T10:29:00.000,8.0,4.949274625687394e-07
210,4564,202201260725,696454260.0,True,5.7359461607120465e-06,5.126339146954706e-06,5.506331035576295e-06,4.611594249581685e-06,True,True,True,True,False,True,False,C7.2,7.2298917e-06,2022-01-26T07:32:00.000,7.0,7.76894978571363e-07
211,4567,202201261019,696464640.0,True,4.889023443865881e-07,4.696519226854434e-07,4.812520728592062e-07,4.6647110707453976e-07,False,False,False,False,False,False,False,C1.6,1.6443297e-06,2022-01-26T10:24:00.000,5.0,4.5796133463227306e-07
212,4592,202201280125,696605580.0,False,1.002561248242273e-06,7.142352842492983e-07,7.267354931173031e-07,5.578358468483202e-07,False,False,False,False,False,False,False,C2.5,2.5753388e-06,2022-01-28T01:35:00.000,10.0,2.903823315136833e-07
214,4611,202201281922,696670260.0,False,1.5588211681460962e-06,1.1216463917662622e-06,1.1600503739828127e-06,8.599687930654909e-07,False,False,False,False,False,False,False,C2.7,2.768527e-06,2022-01-28T19:34:00.000,12.0,4.0450854044138396e-07
215,4646,202201300712,696799020.0,False,3.405207507967134e-06,2.8481983918027254e-06,2.8563622436195146e-06,2.593645831439062e-06,False,False,False,False,False,True,False,C6.7,6.7080155e-06,2022-01-30T07:19:00.000,7.0,8.945283980210661e-07
216,4767,202202120825,697926780.0,False,1.439194875274552e-05,1.423696903657401e-05,1.439194875274552e-05,1.4036486390978098e-05,True,True,True,True,True,True,True,M1.4,1.4378235e-05,2022-02-12T08:44:00.000,19.0,5.651695005326474e-07
217,4784,202202150512,698174220.0,True,6.549248610099312e-07,5.702113980987633e-07,5.516014880413422e-07,5.36011611984577e-07,False,False,False,False,False,False,False,C4.7,4.7973926e-06,2022-02-15T05:18:00.000,6.0,4.0645852550369455e-07
218,4797,202202162323,698326260.0,True,3.6089781474402116e-07,3.5906307971345086e-07,3.6089781474402116e-07,3.563387451777089e-07,False,False,False,False,False,False,False,C1.1,1.1878719e-06,2022-02-16T23:31:00.000,8.0,2.911096714797168e-07
219,4800,202202170556,698349660.0,True,4.460026445940457e-07,4.2953493561981304e-07,4.3102062363686855e-07,4.1576006992727343e-07,False,False,False,False,False,False,False,C2.3,2.3336172e-06,2022-02-17T06:02:00.000,6.0,2.9063502893222903e-07
220,4877,202203021731,699514500.0,False,1.4169074347591959e-05,1.0942268090730067e-05,1.0996217497449834e-05,9.136293556366581e-06,True,True,True,True,True,True,True,M2.0,2.0216432e-05,2022-03-02T17:39:00.000,8.0,3.8060369433878805e-07
221,4921,202203112213,700309740.0,False,9.222096196026541e-06,5.811486971651902e-06,5.8146310948359314e-06,4.110388999833958e-06,True,True,True,True,False,True,True,M2.2,2.296697e-05,2022-03-11T22:32:00.000,19.0,7.034177542664111e-07
222,4925,202203130312,700413600.0,False,3.2705308967706515e-06,2.6318411983083934e-06,2.6709976737038232e-06,2.2678143523080507e-06,False,False,False,False,False,False,False,C4.9,4.9690298e-06,2022-03-13T03:23:00.000,11.0,6.310235676210141e-07
223,4934,202203140829,700519020.0,False,7.690908205404412e-06,5.8771656767930835e-06,6.063583896320779e-06,4.863819867750863e-06,True,True,True,True,False,True,True,M2.0,2.0119569e-05,2022-03-14T08:40:00.000,11.0,5.554894642045838e-07
224,4940,202203150557,700596060.0,False,2.578408384579234e-06,2.4052376375038875e-06,2.433603640383808e-06,2.2798121790401638e-06,False,False,False,False,False,False,False,C3.7,3.7619227e-06,2022-03-15T06:04:00.000,7.0,4.593993878643232e-07
225,4943,202203151233,700619760.0,False,6.624863544857362e-06,5.263449565973133e-06,5.22287564308499e-06,4.661152161133941e-06,True,True,True,True,False,True,True,M1.4,1.45442555e-05,2022-03-15T12:39:00.000,6.0,5.844316319780773e-07
226,4946,202203152239,700656180.0,False,7.4732652137754485e-06,5.958640485914657e-06,6.200641564646503e-06,4.97044356961851e-06,True,True,True,True,False,True,True,M1.5,1.5921785e-05,2022-03-15T22:46:00.000,7.0,3.7399877328425646e-07
227,4990,202203240142,701358240.0,False,3.046731535505387e-06,2.7047356070397655e-06,2.782837100312463e-06,2.4370574465137906e-06,False,False,False,False,False,True,False,C8.1,8.172273e-06,2022-03-24T01:45:00.000,3.0,1.4611117649110383e-06
229,5026,202203290345,701798280.0,True,3.6079497931496007e-06,3.2479711080668494e-06,2.9366958642640384e-06,2.9366958642640384e-06,False,False,False,False,False,True,False,C5.2,5.262666e-06,2022-03-29T03:49:00.000,4.0,3.7021104617451783e-06
230,5027,202203290356,701798280.0,True,3.6079497931496007e-06,2.9006623663008213e-06,2.9366958642640384e-06,2.5088022539421218e-06,False,False,False,False,False,True,False,C8.6,8.665823e-06,2022-03-29T03:59:00.000,3.0,3.1480028610531008e-06
231,5040,202203292143,701862540.0,False,6.405480235116556e-06,4.62030220660381e-06,4.7748503675393295e-06,3.5249156553618377e-06,False,True,False,False,False,True,False,M1.6,1.6835987e-05,2022-03-29T21:52:00.000,9.0,1.2451109796529636e-06
232,5054,202203301721,701933400.0,False,0.00013435696018859744,0.00011188688222318888,0.00011848317080875859,9.255794429918751e-05,True,True,True,True,True,True,True,X1.3,0.00013797796,2022-03-30T17:37:00.000,16.0,1.3100129763188306e-06
233,5064,202203311817,702023280.0,False,9.449779463466257e-05,8.046361472224817e-05,8.431307651335374e-05,6.832139479229227e-05,True,True,True,True,True,True,True,M9.6,9.6722295e-05,2022-03-31T18:35:00.000,18.0,2.082563469230081e-06
234,5132,202204180737,703540020.0,True,7.154072136472678e-06,7.0721603151469026e-06,7.154072136472678e-06,7.108417776180431e-06,True,True,True,True,True,True,True,M1.3,1.3610557e-05,2022-04-18T07:48:00.000,11.0,1.2911439171148231e-06
235,5137,202204181712,703574520.0,False,9.483426765655167e-06,7.988346624188125e-06,8.114905540423933e-06,7.0617788878735155e-06,True,True,True,True,True,True,True,M1.9,1.921694e-05,2022-04-18T17:24:00.000,12.0,1.4882996310916496e-06
237,5143,202204200107,703689180.0,True,2.503882751625497e-05,1.3579795449913945e-05,3.4634427720448e-05,2.179782859457191e-05,True,True,True,True,True,True,True,M1.2,1.2880005e-05,2022-04-20T01:14:00.000,7.0,3.0512978810293134e-06
238,5144,202204200120,703689180.0,True,2.503882751625497e-05,1.3579795449913945e-05,3.4634427720448e-05,2.179782859457191e-05,True,True,True,True,True,True,True,M7.2,7.2949086e-05,2022-04-20T01:36:00.000,16.0,7.801263564033434e-06
239,5146,202204200341,703698840.0,False,0.00012126134242862463,8.587570482632145e-05,8.992497896542773e-05,6.290081364568323e-05,True,True,True,True,True,True,True,X2.2,0.00022465806,2022-04-20T03:57:00.000,16.0,1.823508341658453e-06
240,5163,202204221316,703905840.0,False,5.524595053429948e-06,3.6470780742092757e-06,3.6103617730987025e-06,2.7516018690221244e-06,False,True,False,False,False,True,False,M3.4,3.4334662e-05,2022-04-22T13:25:00.000,9.0,8.517253604622965e-07
241,5198,202204300446,704566680.0,False,1.2495265764300711e-05,1.0173996997764334e-05,1.0347753232053947e-05,8.827844794723205e-06,True,True,True,True,True,True,True,M2.6,2.6054931e-05,2022-04-30T05:01:00.000,15.0,1.1813423270723433e-06
242,5204,202204300948,704584440.0,False,3.421053770580329e-05,2.3873571990407072e-05,2.5189725420204923e-05,1.6849342500790954e-05,True,True,True,True,True,True,True,M4.8,4.8238868e-05,2022-04-30T09:58:00.000,10.0,2.3417669581249356e-06
243,5208,202204301338,704598180.0,False,5.408936340245418e-05,2.3526752556790598e-05,2.2318456103676e-05,1.0084023415402044e-05,True,True,True,True,True,True,True,X1.1,0.00011312873,2022-04-30T13:47:00.000,9.0,2.350184786337195e-06
245,5211,202204301942,704619960.0,True,8.038994565140456e-06,5.543974566535326e-06,5.841511665494181e-06,3.944524451071629e-06,True,True,True,True,False,True,True,M1.9,1.9874149e-05,2022-04-30T19:47:00.000,5.0,2.334658120162203e-06
246,5218,202205030127,704813640.0,False,4.336411620897707e-06,3.780400902542169e-06,3.767422185774194e-06,3.4017177767964313e-06,False,False,False,False,False,True,False,C6.2,6.2465233e-06,2022-05-03T01:38:00.000,11.0,7.313877858905471e-07
247,5226,202205031309,704856060.0,False,6.407887121895328e-05,4.534561594482511e-05,4.78605943499133e-05,3.329482569824904e-05,True,True,True,True,True,True,True,X1.1,0.000113361515,2022-05-03T13:25:00.000,16.0,6.45250395336916e-07
248,5229,202205040008,704895360.0,False,2.4408056560787372e-05,2.0052752006449737e-05,2.009739910135977e-05,1.763488762662746e-05,True,True,True,True,True,True,True,,5.322646e-05,2022-05-04T00:19:00.000,11.0,1.3342407783056842e-06
250,5238,202205040845,704926500.0,False,5.057945236330852e-05,4.212266139802523e-05,4.445690865395591e-05,3.470864976407029e-05,True,True,True,True,True,True,True,,5.7583497e-05,2022-05-04T08:59:00.000,14.0,1.1935512702621054e-06
251,5263,202205061615,705125880.0,False,2.720625161600765e-06,1.880136551335454e-06,1.925173592098872e-06,1.4079233778829803e-06,False,False,False,False,False,False,False,C4.8,4.842972e-06,2022-05-06T16:22:00.000,7.0,6.949051680749108e-07
252,5271,202205070556,705175440.0,True,1.1825993624370312e-06,1.0013093287852826e-06,9.919076546793804e-07,9.105538083531428e-07,False,False,False,False,False,False,False,C3.6,3.6453118e-06,2022-05-07T06:05:00.000,9.0,6.208009608599241e-07
253,5311,202205142358,705844860.0,False,2.2539679775945842e-05,1.9220189642510377e-05,2.042232699750457e-05,1.5938319847919047e-05,True,True,True,True,True,True,True,M2.2,2.2842129e-05,2022-05-15T00:08:00.000,10.0,1.6492448366989265e-06
254,5327,202205200735,706304580.0,False,1.2616043932212051e-05,1.241092923010001e-05,1.2616227650141809e-05,1.2516662536654621e-05,True,True,True,True,True,True,True,M3.0,3.0303148e-05,2022-05-20T07:45:00.000,10.0,1.4910484651409206e-06
255,5407,202206132120,708427380.0,True,2.373193410676322e-06,1.9468723166937707e-06,1.9699725726241013e-06,1.73062733210827e-06,False,False,False,False,False,True,False,C8.5,8.528493e-06,2022-06-13T21:24:00.000,4.0,1.3823793096889858e-06
256,5417,202206141309,708484320.0,True,7.30192232367699e-06,3.4425540889060358e-06,8.612420970166568e-06,5.470103587867925e-06,True,True,False,True,True,True,False,C6.5,6.5549893e-06,2022-06-14T13:13:00.000,4.0,1.0589923249426647e-06
257,5418,202206141319,708484320.0,True,7.30192232367699e-06,3.4425540889060358e-06,8.612420970166568e-06,5.470103587867925e-06,True,True,False,True,True,True,False,C8.5,8.580415e-06,2022-06-14T13:26:00.000,7.0,2.0467878130148165e-06
258,5427,202206150721,708549900.0,True,1.5365478702733526e-06,1.3724226164413267e-06,1.3872676163373399e-06,1.2685059118666686e-06,False,False,False,False,False,False,False,C3.2,3.2924938e-06,2022-06-15T07:25:00.000,4.0,9.05511853943608e-07
259,5429,202206170044,708699120.0,True,1.1647979363260674e-06,1.140709287028585e-06,1.1451369346104912e-06,1.1179312195963576e-06,False,False,False,False,False,False,False,C4.6,4.6847053e-06,2022-06-17T00:53:00.000,9.0,9.365820119455748e-07
260,5532,202207041323,710213280.0,False,4.05091395805357e-06,2.960276788144256e-06,3.185570676578209e-06,2.1750131509179482e-06,False,False,False,False,False,True,False,C5.1,5.1605534e-06,2022-07-04T13:33:00.000,10.0,4.486779232593108e-07
261,5543,202207051158,710294640.0,True,1.6015876553865382e-06,1.5397766901514842e-06,1.5491227713937405e-06,1.507362298980297e-06,False,False,False,False,False,False,False,C2.5,2.5035558e-06,2022-07-05T12:05:00.000,7.0,8.085630156529078e-07
262,5561,202207092056,710672520.0,True,1.110833750317397e-06,1.0532247642913717e-06,1.0466682169862906e-06,1.024053517539869e-06,False,False,False,False,False,True,False,C5.1,5.1946868e-06,2022-07-09T21:03:00.000,7.0,8.258180628217815e-07
263,5565,202207100916,710716920.0,True,1.40525185088336e-06,1.3644111049870844e-06,1.3839630810252856e-06,1.3265985217003617e-06,False,False,False,False,False,False,False,C2.9,2.9234104e-06,2022-07-10T09:24:00.000,8.0,9.64712853601668e-07
264,5588,202207110908,710802960.0,False,1.0523969649511855e-05,1.0365421076130588e-05,1.0523969649511855e-05,1.0240754818369169e-05,True,True,True,True,True,True,True,M1.1,1.1524642e-05,2022-07-11T09:19:00.000,11.0,1.205047738039866e-06
265,5596,202207120321,710868300.0,False,5.191992840991588e-06,4.100093519809889e-06,4.236846507410519e-06,3.6277085655456176e-06,False,True,False,False,False,True,False,C7.6,7.659509e-06,2022-07-12T03:28:00.000,7.0,1.4235498611014918e-06
267,5602,202207121351,710905980.0,True,1.861613213804958e-06,1.726763571241463e-06,1.7233288645002176e-06,1.6531465689695324e-06,False,False,False,False,False,True,False,C7.5,7.5351572e-06,2022-07-12T13:54:00.000,3.0,1.834759245866735e-06
268,5621,202207140246,711039240.0,True,1.7713168745103758e-06,1.6533723510292475e-06,1.6668681155351806e-06,1.5779154409756302e-06,False,False,False,False,False,False,False,,4.219511e-06,2022-07-14T02:54:00.000,8.0,1.4107894230619422e-06
269,5636,202207142142,711107100.0,False,1.1285726031928789e-05,7.560844096587971e-06,7.730041943432298e-06,5.478085313370684e-06,True,True,True,True,True,True,True,,2.8957562e-05,2022-07-14T21:48:00.000,6.0,1.3103220908305957e-06
270,5642,202207150755,711143880.0,True,2.467127160343807e-06,2.2004703623679234e-06,2.1782984731544275e-06,2.0735380985570373e-06,False,False,False,False,False,True,False,C5.5,5.534978e-06,2022-07-15T07:59:00.000,4.0,1.2651363476834376e-06
271,5686,202207212339,711718860.0,False,4.860532953898655e-06,3.7708880427089753e-06,3.989993274444714e-06,2.969239176309202e-06,False,False,False,False,False,True,False,C6.1,6.1396718e-06,2022-07-21T23:46:00.000,7.0,6.672454446743359e-07
273,5723,202207271048,712191180.0,False,1.9864792193402536e-06,1.3285648492455948e-06,1.3744363513978897e-06,9.52845709889516e-07,False,False,False,False,False,False,False,C3.5,3.5751573e-06,2022-07-27T10:56:00.000,8.0,2.067262840910189e-07
274,5727,202207290429,712341120.0,False,9.949599188985303e-07,6.953400770726148e-07,7.120703457985655e-07,5.261762794361857e-07,False,False,False,False,False,False,False,C4.2,4.2115494e-06,2022-07-29T04:33:00.000,4.0,1.6969134719602152e-07
275,5760,202208031654,712818060.0,False,6.731753728672629e-06,4.16544389736373e-06,4.512043688009726e-06,2.5172428195219254e-06,False,True,False,False,False,True,False,C6.9,6.926517e-06,2022-08-03T17:08:00.000,14.0,3.020019221366965e-07
276,5766,202208050556,712951440.0,False,1.7620141079532914e-06,1.1921982832063804e-06,1.1579056717891945e-06,9.506766218692064e-07,False,False,False,False,False,True,False,C5.5,5.5329733e-06,2022-08-05T06:07:00.000,11.0,5.320511036188691e-07
277,5825,202208151427,713846040.0,False,4.652129064197652e-06,3.7890438306931173e-06,3.7131901535758516e-06,3.4838885767385364e-06,False,False,False,False,False,True,False,M1.0,1.0181691e-05,2022-08-15T14:36:00.000,9.0,9.349512879452959e-07
278,5827,202208151640,713854020.0,False,2.4320806915056892e-05,1.334059106739005e-05,1.3332647540664766e-05,7.821982762834523e-06,True,True,True,True,True,True,True,M2.7,2.733436e-05,2022-08-15T16:54:00.000,14.0,1.3735419770455337e-06
279,5828,202208151727,713856720.0,False,6.37502580502769e-06,5.065365712653147e-06,5.245958618615987e-06,4.1683010749693494e-06,True,True,True,True,False,True,True,M0.9,9.983037e-06,2022-08-15T17:35:00.000,8.0,1.56098155912332e-06
281,5840,202208160752,713908440.0,False,3.154890509904362e-05,2.2922422431292944e-05,2.327867696294561e-05,1.7889897208078764e-05,True,True,True,True,True,True,True,M5.0,5.07606e-05,2022-08-16T07:58:00.000,6.0,9.723323728394462e-07
282,5858,202208170811,713996160.0,False,8.696300028532278e-06,7.461863788194023e-06,7.857127457100432e-06,6.3805200625211e-06,True,True,True,True,True,True,True,,9.017492e-06,2022-08-17T08:20:00.000,9.0,9.58448708843207e-07
283,5862,202208171326,714015780.0,False,6.280074558162596e-06,4.288015134079615e-06,4.243447619955987e-06,3.3641956633800874e-06,False,True,False,False,False,True,True,,2.0453565e-05,2022-08-17T13:45:00.000,19.0,1.1527478136486025e-06
284,5875,202208180250,714063120.0,True,7.716760705989145e-07,6.709475997013215e-07,6.568028538822546e-07,6.318123837445455e-07,False,False,False,False,False,False,False,C1.8,1.8596536e-06,2022-08-18T02:52:00.000,2.0,5.466075663207448e-07
286,5879,202208180554,714074340.0,False,1.4860254395898664e-06,1.0590343890726217e-06,1.0347051784265204e-06,8.585634532209951e-07,False,False,False,False,False,True,False,C5.7,5.750933e-06,2022-08-18T06:02:00.000,8.0,6.218699013516016e-07
287,5883,202208181000,714089160.0,False,2.0893280634481926e-06,1.4868228390696459e-06,1.4236811693990603e-06,1.2744316109092324e-06,False,False,False,False,False,True,False,M1.3,1.3980414e-05,2022-08-18T10:09:00.000,9.0,9.051464644471707e-07
288,5884,202208181019,714089160.0,False,2.0893280634481926e-06,1.4868228390696459e-06,1.4236811693990603e-06,1.2744316109092324e-06,False,False,False,False,False,False,False,C3.4,3.4387265e-06,2022-08-18T10:33:00.000,14.0,1.226415520250157e-06
289,5887,202208181401,714103860.0,False,2.9086152153467992e-06,1.993024170587887e-06,1.9587166661949595e-06,1.5608931107635726e-06,False,False,False,False,False,True,False,M1.3,1.31326e-05,2022-08-18T14:13:00.000,12.0,1.1084991911047837e-06
290,5895,202208182144,714131640.0,False,1.8139232906833058e-06,1.1228694347664714e-06,9.900477380142547e-07,9.259007924811158e-07,False,False,False,False,False,True,False,C6.3,6.3260713e-06,2022-08-18T21:58:00.000,14.0,5.280053869682888e-07
291,5896,202208182208,714131640.0,False,1.8139232906833058e-06,1.1228694347664714e-06,9.900477380142547e-07,9.259007924811158e-07,False,False,False,False,False,False,False,C3.0,3.0727413e-06,2022-08-18T22:15:00.000,7.0,8.282231078737823e-07
292,5908,202208210448,714329760.0,False,2.3290535864362027e-06,1.901830160022655e-06,1.99197415895469e-06,1.5751589899082319e-06,False,False,False,False,False,False,False,C2.9,2.9893351e-06,2022-08-21T04:59:00.000,11.0,2.196843240653834e-07
294,5937,202208221401,714449100.0,False,2.445458449074067e-06,1.9384483493922744e-06,1.930974804054131e-06,1.6911913007788826e-06,False,False,False,False,False,True,False,C5.1,5.1024604e-06,2022-08-22T14:09:00.000,8.0,7.444783705068403e-07
296,5955,202208250953,714693600.0,True,1.2401181948007434e-06,1.1914088418052415e-06,1.1913807611563243e-06,1.1635111150098965e-06,False,False,False,False,False,False,False,C3.6,3.6156964e-06,2022-08-25T10:01:00.000,8.0,9.498806434748985e-07
297,5980,202208271129,714872100.0,False,6.322431090666214e-06,5.070385213912232e-06,5.115100066177547e-06,4.384683506941656e-06,True,True,True,True,False,True,True,M1.2,1.2256013e-05,2022-08-27T11:38:00.000,9.0,2.6575717129162513e-06
299,5989,202208272136,714908280.0,True,2.045233713943162e-06,1.7409473684892873e-06,1.7598459862711024e-06,1.5780210560478736e-06,False,False,False,False,False,True,False,C5.1,5.184726e-06,2022-08-27T21:39:00.000,3.0,1.5562203543595388e-06
300,6004,202208290324,715015860.0,False,3.3137006539618596e-05,2.731090171437245e-05,2.8480984838097356e-05,2.286004564666655e-05,True,True,True,True,True,True,True,M3.3,3.380366e-05,2022-08-29T03:38:00.000,14.0,2.7293817765894346e-06
301,6007,202208291048,715043100.0,False,3.608740371419117e-05,3.0142415198497474e-05,3.0683328077429906e-05,2.635898817970883e-05,True,True,True,True,True,True,True,M8.6,8.66998e-05,2022-08-29T11:07:00.000,19.0,2.153838295271271e-06
303,6131,202209131231,716344500.0,True,3.12079600917059e-06,2.9119739792804467e-06,2.8952467800991144e-06,2.7688795398717048e-06,False,False,False,False,False,True,False,C7.0,7.0567953e-06,2022-09-13T12:36:00.000,5.0,1.9297053768241312e-06
304,6163,202209172013,716718900.0,False,2.4460048734908924e-05,2.3175003661890514e-05,2.1864887457923032e-05,2.1864887457923032e-05,True,True,True,True,True,False,True,C2.3,2.3375633e-06,2022-09-17T20:22:00.000,9.0,1.0836292858584784e-06
305,6164,202209172032,716718900.0,False,2.4460048734908924e-05,2.1123560145497322e-05,2.1864887457923032e-05,1.8398937754682265e-05,True,True,True,True,True,True,True,M2.6,2.6060505e-05,2022-09-17T20:41:00.000,9.0,1.7216334526892751e-06
306,6166,202209200535,716923800.0,False,5.5811128731875215e-06,4.011790679214755e-06,5.5811128731875215e-06,4.931312105327379e-06,True,True,False,True,False,True,False,C5.5,5.5425126e-06,2022-09-20T05:42:00.000,7.0,1.3967411405246821e-06
307,6168,202209201113,716944860.0,True,1.0564127478573937e-05,7.51877314542071e-06,8.035038263187744e-06,5.394075287767919e-06,True,True,True,True,True,True,True,M1.0,1.0980659e-05,2022-09-20T11:22:00.000,9.0,1.5637670003343374e-06
308,6189,202209230332,717176280.0,False,4.4415278352971654e-06,3.8977373151283246e-06,3.9963206290849485e-06,3.5163363918400137e-06,False,False,False,False,False,True,False,C6.0,6.0912366e-06,2022-09-23T03:39:00.000,7.0,1.3879505331715336e-06
309,6193,202209231129,717204720.0,True,2.1667747205356136e-06,1.8840142956833006e-06,1.9681049252540106e-06,1.6875607116162428e-06,False,False,False,False,False,True,False,C7.2,7.2153657e-06,2022-09-23T11:33:00.000,4.0,1.4577616411770578e-06
310,6214,202209250329,717347820.0,True,1.4146429521133541e-06,1.3982186146677122e-06,1.4450959042733302e-06,1.414762209606124e-06,False,False,False,False,False,False,False,C2.1,2.1491821e-06,2022-09-25T03:39:00.000,10.0,1.3475398645823589e-06
311,6227,202209270637,717531840.0,True,1.3012536328460556e-06,1.2562262554638437e-06,1.2608487622856046e-06,1.2333882750681369e-06,False,False,False,False,False,False,False,C4.8,4.8436373e-06,2022-09-27T06:46:00.000,9.0,1.2220035614518565e-06
313,6273,202210011958,717926700.0,False,4.0123941289493814e-05,2.6561543563730083e-05,2.7230507839703932e-05,1.9031040210393257e-05,True,True,True,True,True,True,True,M5.8,5.865486e-05,2022-10-01T20:10:00.000,12.0,1.6748185771575663e-06
314,6286,202210031520,718082820.0,False,1.4270048268372193e-05,1.1044360689993482e-05,1.1448527402535547e-05,8.9105360530084e-06,True,True,True,True,True,True,True,M1.6,1.6986618e-05,2022-10-03T15:30:00.000,10.0,2.7062103526986903e-06
315,6354,202210110836,718749600.0,False,4.452192570170155e-06,2.8565339107444743e-06,2.6511918349569896e-06,2.2446045022661565e-06,False,False,False,False,False,True,False,M3.9,3.9843617e-05,2022-10-11T08:42:00.000,6.0,8.393827783947927e-07
316,6355,202210111046,718757400.0,False,2.704295638977783e-06,1.9115318536933046e-06,1.8773108649838832e-06,1.48985293435544e-06,False,False,False,False,False,True,False,M1.5,1.5277665e-05,2022-10-11T10:52:00.000,6.0,9.042907436196401e-07
317,6364,202210121414,718856280.0,True,1.2677060112764593e-06,1.196120138047263e-06,1.2677060112764593e-06,1.2201296613056911e-06,False,False,False,False,False,True,False,C8.8,8.87418e-06,2022-10-12T14:18:00.000,4.0,1.0739943263615714e-06
318,6365,202210121624,718864080.0,False,1.030259340950579e-06,8.340711588061822e-07,8.06074638148857e-07,7.767192187202454e-07,False,False,False,False,False,False,False,C4.7,4.7415356e-06,2022-10-12T16:29:00.000,5.0,6.708903583785286e-07
320,6399,202210192140,719487840.0,False,1.1108525086456211e-06,8.432586469098169e-07,8.532981041753374e-07,7.007877798059781e-07,False,False,False,False,False,False,False,C4.2,4.2106058e-06,2022-10-19T21:45:00.000,5.0,4.705542835381493e-07
321,6402,202210200150,719502840.0,False,1.2353588090263656e-06,1.1554026286830776e-06,1.1775523489632178e-06,1.0913007599810953e-06,False,False,False,False,False,False,False,C2.6,2.6894913e-06,2022-10-20T01:55:00.000,5.0,4.42156590452214e-07
322,6435,202210240750,719870280.0,False,2.027412392635597e-06,1.5489213183172978e-06,1.7336769815301523e-06,1.1427098343119724e-06,False,False,False,False,False,False,False,C4.2,4.2205666e-06,2022-10-24T08:02:00.000,12.0,4.187265574273624e-07
323,6445,202210251852,719996460.0,False,2.7452229005575646e-06,2.141197228411329e-06,2.230410245829262e-06,1.7391398614563514e-06,False,False,False,False,False,False,False,C4.9,4.9293603e-06,2022-10-25T19:03:00.000,11.0,4.417103127707378e-07
324,6449,202210261231,720059940.0,False,5.239416168478783e-06,4.079525297129294e-06,4.19985553890001e-06,3.3092030662373872e-06,False,True,False,False,False,True,False,C6.7,6.7527158e-06,2022-10-26T12:43:00.000,12.0,4.730940474928502e-07
325,6481,202211020207,720627180.0,True,1.349557237517729e-06,1.2832979336963035e-06,1.3126094700055546e-06,1.2134132703067735e-06,False,False,False,False,False,False,False,C2.2,2.2897239e-06,2022-11-02T02:14:00.000,7.0,4.546842262698192e-07
326,6536,202211130617,721592400.0,True,1.0236225307380664e-06,9.152056463790359e-07,9.134110428021813e-07,8.851607162796427e-07,False,False,False,False,False,False,False,C4.0,4.0729947e-06,2022-11-13T06:21:00.000,4.0,9.479824711888796e-07
327,6552,202211141334,721705140.0,True,2.242904656668543e-06,2.016502776314155e-06,2.028612925641937e-06,1.8985969063578523e-06,False,False,False,False,False,True,False,C7.5,7.503362e-06,2022-11-14T13:40:00.000,6.0,1.2637635791179491e-06
328,6553,202211141724,721718880.0,True,2.5731437744980212e-06,2.2705196442984743e-06,2.284227093696245e-06,2.0997683805035194e-06,False,False,False,False,False,True,False,C5.1,5.114731e-06,2022-11-14T17:29:00.000,5.0,1.6070259789557895e-06
329,6657,202212020909,723244680.0,False,3.752899829123635e-06,2.8790952910640044e-06,2.980070576086291e-06,2.327650690858718e-06,False,False,False,False,False,True,False,C8.1,8.188889e-06,2022-12-02T09:20:00.000,11.0,6.385792516994115e-07
330,6670,202212031736,723361200.0,True,9.73803025772213e-07,8.928163879318163e-07,8.797562713880325e-07,8.602684715697251e-07,False,False,False,False,False,True,False,M1.2,1.29028895e-05,2022-12-03T17:41:00.000,5.0,8.080308475655329e-07
331,6685,202212071256,723690120.0,False,3.832181391771883e-06,3.5900047805625945e-06,3.779719008889515e-06,3.3247385999857215e-06,False,False,False,False,False,True,False,C5.8,5.875073e-06,2022-12-07T13:04:00.000,8.0,6.341068115034432e-07
332,6690,202212071901,723711780.0,True,1.0509039611861226e-06,1.0221277761957026e-06,1.021185880745179e-06,1.010252276500978e-06,False,False,False,False,False,False,False,C2.5,2.5754396e-06,2022-12-07T19:04:00.000,3.0,9.717535931486054e-07
333,6735,202212141431,724300740.0,False,3.450726580922492e-05,2.774609311018139e-05,2.7918711566599086e-05,2.4159448003047146e-05,True,True,True,True,True,True,True,M6.3,6.356953e-05,2022-12-14T14:42:00.000,11.0,1.8629751821208629e-06
334,6835,202212201351,724816440.0,False,1.1561820429051295e-05,9.6588346423232e-06,1.1561820429051295e-05,1.0832322004716843e-05,True,True,True,True,True,True,True,C6.5,6.5624135e-06,2022-12-20T13:56:00.000,5.0,1.1839861144835595e-06
335,6836,202212201359,724816440.0,False,1.1561820429051295e-05,9.6588346423232e-06,1.1561820429051295e-05,1.0832322004716843e-05,True,True,True,True,True,True,True,M1.1,1.1527418e-05,2022-12-20T14:06:00.000,7.0,5.66286234970903e-06
336,6840,202212210513,724871880.0,True,2.0540023797366302e-06,1.803751274565002e-06,1.804140424610523e-06,1.6992242990454542e-06,False,False,False,False,False,True,False,C6.9,6.9313255e-06,2022-12-21T05:18:00.000,5.0,1.3436496146823629e-06
337,6888,202212271615,725430180.0,False,7.701461072429083e-06,5.962313025520416e-06,6.1571854530484416e-06,4.879038442595629e-06,True,True,True,True,False,True,True,M1.2,1.2077879e-05,2022-12-27T16:26:00.000,11.0,1.5310758954001358e-06
338,6905,202212291812,725609760.0,False,1.9272627469035797e-05,1.827653068176005e-05,2.1862797439098358e-05,1.920825343404431e-05,True,True,True,True,True,True,True,M2.1,2.1786427e-05,2022-12-29T18:20:00.000,8.0,1.5261987300618785e-06
339,6906,202212291826,725609760.0,False,1.9272627469035797e-05,1.827653068176005e-05,2.1862797439098358e-05,1.920825343404431e-05,True,True,True,True,True,True,True,M2.4,2.4306597e-05,2022-12-29T18:33:00.000,7.0,1.763919135555625e-05
340,6920,202212301524,725685960.0,True,2.088952214762685e-06,1.9379406239750097e-06,1.9358876670594327e-06,1.8588576722322614e-06,False,False,False,False,False,True,False,M1.4,1.444178e-05,2022-12-30T15:28:00.000,4.0,1.7656016098044347e-06
342,6923,202212301926,725700840.0,False,2.985574428748805e-05,2.30050427489914e-05,2.353068884985987e-05,1.8900384020525962e-05,True,True,True,True,True,True,True,M3.7,3.7431644e-05,2022-12-30T19:38:00.000,12.0,1.7432398635719437e-06
343,6966,202301060043,726238500.0,False,7.077116606524214e-05,6.093912816140801e-05,6.268340803217143e-05,5.361902367440052e-05,True,True,True,True,True,True,True,X1.2,0.00012163665,2023-01-06T00:57:00.000,14.0,1.0586987855276675e-06
344,7019,202301091837,726561900.0,False,0.00014340467168949544,0.00010753481910796836,0.00011396549234632403,8.158900891430676e-05,True,True,True,True,True,True,True,X1.9,0.00019765817,2023-01-09T18:50:00.000,13.0,3.0843714284856105e-06
345,7024,202301100009,726581640.0,False,2.4490109353791922e-05,1.8938450011773966e-05,1.9668530512717552e-05,1.5377385352621786e-05,True,True,True,True,True,True,True,M5.1,5.152473e-05,2023-01-10T00:16:00.000,7.0,4.362045729067177e-06
347,7041,202301101744,726644880.0,True,4.38793813373195e-06,4.084369720658287e-06,4.033359800814651e-06,3.988212029071292e-06,False,False,False,False,False,True,False,M1.2,1.2541061e-05,2023-01-10T17:48:00.000,4.0,3.704917389768525e-06
348,7045,202301102239,726662760.0,False,1.370437257719459e-05,7.179770818765974e-06,6.773611403332325e-06,4.349401933723129e-06,True,True,True,True,False,True,True,X1.0,0.0001063301,2023-01-10T22:47:00.000,8.0,2.1674650270142592e-06
349,7048,202301110149,726674040.0,False,1.7227033822564408e-05,1.3501528883352876e-05,1.3162625691620633e-05,1.156532653112663e-05,True,True,True,True,True,True,True,M5.6,5.6708155e-05,2023-01-11T01:56:00.000,7.0,4.7116704990912694e-06
350,7052,202301110825,726697920.0,True,3.602431661420269e-06,3.5143593777320348e-06,3.885202204401139e-06,3.647669700512779e-06,False,False,False,False,False,True,False,M3.1,3.141117e-05,2023-01-11T08:33:00.000,8.0,2.17015599446313e-06
351,7076,202301131005,726876780.0,False,4.882531811745139e-06,4.144347258261405e-06,4.081894530827412e-06,3.87275758839678e-06,False,False,False,False,False,True,False,M3.9,3.9868297e-05,2023-01-13T10:15:00.000,10.0,3.847847892757272e-06
353,7119,202301190400,727372980.0,True,5.225884251558455e-06,4.349157734395703e-06,4.447310857358389e-06,3.824326540780021e-06,False,True,False,False,False,True,True,M1.1,1.1190476e-05,2023-01-19T04:03:00.000,3.0,2.931777544290526e-06
355,7123,202301191006,727394880.0,False,1.1584685125853866e-05,9.254797078028787e-06,9.776698789210059e-06,7.57633097236976e-06,True,True,True,True,True,True,True,M1.7,1.7719982e-05,2023-01-19T10:12:00.000,6.0,2.067215746137663e-06
356,7155,202301261253,728010060.0,False,2.337673504371196e-05,1.960931513167452e-05,2.0435847545741126e-05,1.6481493730680086e-05,True,True,True,True,True,True,True,M2.8,2.8712053e-05,2023-01-26T13:06:00.000,13.0,3.730038088178844e-06
358,7210,202302072246,729083160.0,True,1.415436236129608e-05,1.211011203849921e-05,1.232389513461385e-05,1.0780801858345512e-05,True,True,True,True,True,True,True,M3.8,3.896816e-05,2023-02-07T22:58:00.000,12.0,4.25408870796673e-06
359,7212,202302080245,729096720.0,True,6.916599431860959e-06,6.120548732724274e-06,6.266341188165825e-06,5.528242127184058e-06,True,True,True,True,True,True,True,M2.0,2.0664977e-05,2023-02-08T02:53:00.000,8.0,3.513940328048193e-06
360,7225,202302100802,729288300.0,True,5.028373379900586e-06,4.875430477113696e-06,4.904927664028946e-06,4.7442977120226715e-06,False,True,False,False,False,True,True,M1.4,1.4078581e-05,2023-02-10T08:05:00.000,3.0,4.124412043893244e-06
361,7243,202302111540,729402300.0,False,5.243389023235068e-05,3.0057219191803597e-05,2.8496117010945454e-05,2.052496165561024e-05,True,True,True,True,True,True,True,X1.1,0.00011646811,2023-02-11T15:48:00.000,8.0,3.9578812902618665e-06
362,7251,202302120835,729463500.0,False,1.413919835613342e-05,1.2287790013942868e-05,1.1899231139977928e-05,1.1552762771316338e-05,True,True,True,True,True,True,True,M3.1,3.1839012e-05,2023-02-12T08:48:00.000,13.0,3.2941904919425724e-06
363,7255,202302121533,729488160.0,False,8.144276762322988e-06,7.538674708484905e-06,7.445637493219692e-06,7.29912653696374e-06,True,True,True,True,True,True,True,M1.0,1.0899995e-05,2023-02-12T15:38:00.000,5.0,2.596524154796498e-06
364,7274,202302140157,729612000.0,False,7.54047277951031e-06,5.966399385215482e-06,6.161571945995092e-06,4.925443590764189e-06,True,True,True,True,False,True,True,M1.8,1.8246472e-05,2023-02-14T02:03:00.000,6.0,1.7096549527195748e-06
365,7283,202302141159,729648420.0,False,2.364714237046428e-05,2.2250145775615238e-05,2.1990095774526708e-05,2.1611775082419626e-05,True,True,True,True,True,True,True,M2.6,2.6944906e-05,2023-02-14T12:12:00.000,13.0,1.6892577150429133e-06
366,7325,202302230600,730404780.0,True,3.792992174567189e-06,3.1883544124866603e-06,3.111546220679884e-06,2.9079628802719526e-06,False,False,False,False,False,False,False,C3.2,3.2556945e-06,2023-02-23T06:06:00.000,6.0,1.996628952838364e-06
367,7326,202302230611,730404780.0,True,3.792992174567189e-06,3.092552788075409e-06,3.111546220679884e-06,2.721062401178642e-06,False,False,False,False,False,True,False,M1.5,1.5327565e-05,2023-02-23T06:14:00.000,3.0,2.1472101252584253e-06
368,7334,202302232307,730465980.0,True,2.4694070361874765e-06,2.3055538349581184e-06,2.3291929664992495e-06,2.174025439671823e-06,False,False,False,False,False,True,False,C6.2,6.2982863e-06,2023-02-23T23:13:00.000,6.0,1.391285991303448e-06
369,7343,202302241711,730530840.0,True,5.600715667242184e-06,4.436747531144647e-06,4.547646767605329e-06,3.7037250422145007e-06,False,True,False,False,False,True,True,M1.1,1.1962743e-05,2023-02-24T17:15:00.000,4.0,1.6685056607457227e-06
370,7350,202302251534,730611480.0,False,5.269604571367381e-06,4.581941084325081e-06,4.66307028545998e-06,4.107673248654464e-06,False,True,False,False,False,True,False,M1.0,1.0860275e-05,2023-02-25T15:40:00.000,6.0,9.594891707820352e-07
371,7362,202302281735,730878060.0,False,8.622357563581318e-05,7.397152512567118e-05,8.323141082655638e-05,5.854028859175742e-05,True,True,True,True,True,True,True,M8.6,8.617607e-05,2023-02-28T17:50:00.000,15.0,1.9335566321387887e-06
372,7387,202303031739,731137740.0,False,0.00012087682262063026,0.0001051708240993321,0.00010521028161747381,9.709745791042224e-05,True,True,True,True,True,True,True,,0.00020714976,2023-03-03T17:52:00.000,13.0,1.8069310954160756e-06
374,7415,202303052129,731323860.0,False,3.107472730334848e-05,1.8799701138050295e-05,1.894320303108543e-05,1.2487060303101316e-05,True,True,True,True,True,True,True,M5.0,5.046095e-05,2023-03-05T21:36:00.000,7.0,2.2017432002030546e-06
375,7417,202303060208,731341140.0,False,5.810098082292825e-05,4.989931403542869e-05,5.45750190212857e-05,4.100312071386725e-05,True,True,True,True,True,True,True,M5.8,5.8042177e-05,2023-03-06T02:28:00.000,20.0,1.5947982774378033e-06
376,7479,202303171504,732337560.0,True,4.050345069117611e-06,3.6641868064180017e-06,3.7103111480973894e-06,3.413514832573128e-06,False,False,False,False,False,True,False,M1.0,1.0898786e-05,2023-03-17T15:07:00.000,3.0,4.019701464130776e-06
377,7481,202303180710,732395580.0,False,2.4324224341398804e-06,1.584783262842393e-06,1.545802888358594e-06,1.2200089258840308e-06,False,False,False,False,False,True,False,C9.4,9.408525e-06,2023-03-18T07:16:00.000,6.0,1.122183107327146e-06
378,7489,202303191759,732521220.0,True,2.0399183995323256e-06,1.6938487306106254e-06,1.687599024080555e-06,1.5181650496742805e-06,False,False,False,False,False,False,False,C4.9,4.947018e-06,2023-03-19T18:09:00.000,10.0,1.1158603001604206e-06
379,7496,202303211346,732678780.0,True,1.2341234878476826e-06,1.169451593341364e-06,1.1741444723156746e-06,1.1325312243570806e-06,False,False,False,False,False,False,False,C4.6,4.645692e-06,2023-03-21T13:54:00.000,8.0,1.0369776646257378e-06
380,7536,202303290218,733328940.0,False,7.876626477809623e-05,5.8152174460701644e-05,5.8520650782156736e-05,4.658526086132042e-05,True,True,True,True,True,True,True,X1.2,0.00012713997,2023-03-29T02:33:00.000,15.0,2.0662434963014675e-06
381,7541,202303300724,733433520.0,False,3.6940647987648845e-05,2.6472756871953607e-05,2.6820069251698442e-05,2.0751604097313248e-05,True,True,True,True,True,True,True,M5.4,5.4092467e-05,2023-03-30T07:37:00.000,13.0,1.3791124047202175e-06
382,7547,202303310903,733525620.0,False,1.3625696055896697e-06,1.0385645055066561e-06,1.0024900802818593e-06,9.089644663617946e-07,False,False,False,False,False,False,False,C4.4,4.4496423e-06,2023-03-31T09:09:00.000,6.0,6.754299306521716e-07
383,7576,202304080138,734190120.0,False,9.239457540388685e-06,5.834417606820352e-06,5.5801269809308e-06,4.448613708518678e-06,True,True,True,True,False,True,True,M2.9,2.90136e-05,2023-04-08T01:46:00.000,8.0,9.841750170380692e-07
384,7578,202304081113,734224680.0,True,1.0995676120728604e-06,1.0658826568032964e-06,1.0933314342764788e-06,1.0352961226089974e-06,False,False,False,False,False,False,False,C3.2,3.2722976e-06,2023-04-08T11:19:00.000,6.0,8.985540489447885e-07
386,7612,202304101346,734406540.0,False,2.9112807169440202e-06,2.47538514486223e-06,2.5736283078003908e-06,2.1620137431455078e-06,False,False,False,False,False,True,False,C6.0,6.0125963e-06,2023-04-10T13:51:00.000,5.0,1.4191296031640377e-06
387,7634,202304121538,734586180.0,True,2.3086686269380152e-06,2.0144427708146395e-06,2.0323323042248376e-06,1.851297497523774e-06,False,False,False,False,False,True,False,C5.2,5.2330383e-06,2023-04-12T15:44:00.000,6.0,1.5462902638319065e-06
388,7666,202304142318,734786760.0,True,4.962282218912151e-06,4.111531325179385e-06,4.190002528048353e-06,3.607194230426103e-06,False,False,False,False,False,True,False,M1.5,1.5176338e-05,2023-04-14T23:27:00.000,9.0,2.2969304609432584e-06
389,7742,202304262357,735825780.0,True,1.4228490954337758e-06,1.267898483092722e-06,1.3031880143898888e-06,1.1554599268492893e-06,False,False,False,False,False,False,False,C2.7,2.746483e-06,2023-04-27T00:04:00.000,7.0,6.759952952961612e-07
390,7750,202304271104,735865920.0,False,1.0177193871641066e-05,9.400368981005158e-06,9.621886420063674e-06,8.674777745909523e-06,True,True,True,True,True,True,True,M1.8,1.8762052e-05,2023-04-27T11:14:00.000,10.0,5.604559873972903e-07
391,7798,202305011302,736218480.0,True,4.169852218183223e-06,3.3820451790234074e-06,3.3559090297785588e-06,3.0257642720243894e-06,False,False,False,False,False,True,False,M7.2,7.214944e-05,2023-05-01T13:09:00.000,7.0,1.415878728039388e-06
392,7800,202305011426,736223340.0,True,5.734764272347093e-06,4.714770966529613e-06,4.902857654087711e-06,3.980836936534615e-06,False,True,False,False,False,True,True,C7.4,7.4703757e-06,2023-05-01T14:30:00.000,4.0,2.1822684175276663e-06
393,7819,202305030311,736355460.0,False,2.595498244772898e-06,2.540394916650257e-06,2.595498244772898e-06,2.530409119572141e-06,False,False,False,False,False,False,False,,2.5450395e-06,2023-05-03T03:22:00.000,11.0,1.6151727777469205e-06
394,7826,202305031036,736382700.0,True,1.4638236280006822e-05,1.0445123734825756e-05,1.0599457709759008e-05,8.1518237493583e-06,True,True,True,True,True,True,True,,7.3510855e-05,2023-05-03T10:45:00.000,9.0,8.7321695900755e-06
395,7829,202305031343,736393620.0,False,7.560178346466273e-06,5.486246209329693e-06,5.679930836777203e-06,4.273181275493698e-06,True,True,True,True,False,True,True,,2.2348704e-05,2023-05-03T13:50:00.000,7.0,1.9257079202361638e-06
396,7831,202305031809,736409220.0,False,2.825644060067134e-06,2.707536850721226e-06,3.033909933947143e-06,2.8712793209706433e-06,False,False,False,False,False,False,False,,2.9775963e-06,2023-05-03T18:22:00.000,13.0,1.1812427374024992e-06
397,7833,202305032047,736419120.0,True,2.0185732410027413e-06,1.780287675501313e-06,1.7595209556020563e-06,1.6863341443240643e-06,False,False,False,False,False,False,False,,4.1628286e-06,2023-05-03T20:53:00.000,6.0,1.3982810287416214e-06
398,7873,202305081410,736827480.0,False,3.1627912449039286e-06,2.3604063699167455e-06,2.347830104554305e-06,1.9642168354039313e-06,False,False,False,False,False,True,False,C9.6,9.649482e-06,2023-05-08T14:21:00.000,11.0,1.139645519288024e-06
399,7882,202305090342,736876260.0,False,4.8031321057351306e-05,4.013042416772805e-05,4.101617378182709e-05,3.467487476882525e-05,True,True,True,True,True,True,True,M6.5,6.574174e-05,2023-05-09T03:54:00.000,12.0,2.6750831239041872e-06
400,7902,202305101836,737015220.0,True,2.5968392947106622e-06,1.8886256611949648e-06,2.974441940750694e-06,2.330529014216154e-06,False,False,False,False,False,False,False,C2.9,2.9428802e-06,2023-05-10T18:42:00.000,6.0,1.5764506997584249e-06
401,7911,202305110847,737067240.0,False,2.180666160711553e-05,1.836246701714117e-05,1.94053391169291e-05,1.534254442958627e-05,True,True,True,True,True,True,True,M2.1,2.1976146e-05,2023-05-11T09:01:00.000,14.0,1.1363989642632077e-06
402,7914,202305111813,737101320.0,False,1.8485268810763955e-05,1.4792910405958537e-05,1.551321111037396e-05,1.2225515092723072e-05,True,True,True,True,True,True,True,M1.8,1.8860357e-05,2023-05-11T18:29:00.000,16.0,1.630505266803084e-06
403,7941,202305140907,737327700.0,False,4.093837105756393e-06,2.7763746857090155e-06,2.7787727958639152e-06,2.0912409581796965e-06,False,False,False,False,False,True,False,C7.0,7.018067e-06,2023-05-14T09:17:00.000,10.0,9.84186158348166e-07
404,7953,202305161631,737526960.0,False,9.166765084955841e-05,7.104605174390599e-05,7.494671444874257e-05,5.6460456107743084e-05,True,True,True,True,True,True,True,M9.6,9.619491e-05,2023-05-16T16:43:00.000,12.0,9.978554089684621e-07
405,7978,202305182012,737713320.0,False,3.6250450648367405e-05,3.3111904485849664e-05,3.6250450648367405e-05,3.3053936931537464e-05,True,True,True,True,True,True,True,M3.8,3.8580103e-05,2023-05-18T20:23:00.000,11.0,1.9564529338822467e-06
406,7981,202305190041,737728980.0,False,3.430342985666357e-05,2.511723869247362e-05,2.527185461076442e-05,2.0118348402320407e-05,True,True,True,True,True,True,True,M5.3,5.3876247e-05,2023-05-19T00:48:00.000,7.0,3.417004791117506e-06
407,8013,202305201225,737857980.0,False,3.1059211323736235e-05,2.4311273591592908e-05,2.402805876045022e-05,2.095494892273564e-05,True,True,True,True,True,True,True,M8.9,8.964781e-05,2023-05-20T12:35:00.000,10.0,2.924611180787906e-06
408,8015,202305201454,737866680.0,False,1.9457425878499635e-05,1.6406012946390547e-05,1.6482124920003116e-05,1.469044218538329e-05,True,True,True,True,True,True,True,M5.6,5.6766745e-05,2023-05-20T15:00:00.000,6.0,4.528964836936211e-06
409,8029,202305210218,737907660.0,False,9.87314160738606e-06,8.132116818160284e-06,8.41818837216124e-06,6.99457450537011e-06,True,True,True,True,True,True,True,M1.4,1.414231e-05,2023-05-21T02:23:00.000,5.0,1.8651005575520685e-06
410,8047,202305221319,738033960.0,True,1.952992897713557e-05,1.721580520097632e-05,1.952992897713557e-05,1.672195503488183e-05,True,True,True,True,True,True,True,,7.2561156e-06,2023-05-22T13:27:00.000,8.0,1.8015454088526894e-06
411,8048,202305221330,738033960.0,True,1.952992897713557e-05,1.721580520097632e-05,1.952992897713557e-05,1.672195503488183e-05,True,True,True,True,True,False,True,,3.4671034e-06,2023-05-22T13:31:00.000,1.0,3.4308925478399033e-06
413,8057,202305231207,738115740.0,False,5.897422397538321e-06,4.740198619401781e-06,4.705629635282094e-06,4.162727691436885e-06,False,True,False,False,False,True,True,M3.0,3.093681e-05,2023-05-23T12:13:00.000,6.0,2.8453271170292282e-06
414,8059,202305231434,738124560.0,True,2.1398407170636347e-06,2.079106479868642e-06,2.084805828417302e-06,2.038436150542111e-06,False,False,False,False,False,True,False,C6.9,6.906171e-06,2023-05-23T14:36:00.000,2.0,1.8136358903575456e-06
415,8070,202305240951,738194220.0,False,5.772415534011088e-06,5.553811206482351e-06,5.679690275428584e-06,5.300425527821062e-06,True,True,True,True,True,True,False,M1.0,1.0213806e-05,2023-05-24T09:58:00.000,7.0,1.3539838619180955e-06
416,8107,202305262235,738412680.0,False,7.919734343886375e-06,5.9161775425309315e-06,9.511233656667173e-06,7.188143626990495e-06,True,True,True,True,True,True,False,C6.9,6.9851144e-06,2023-05-26T22:43:00.000,8.0,9.933871751854895e-07
417,8108,202305262248,738412680.0,False,7.919734343886375e-06,5.9161775425309315e-06,9.511233656667173e-06,7.188143626990495e-06,True,True,True,True,True,True,True,M1.3,1.3762226e-05,2023-05-26T23:03:00.000,15.0,4.805894604942296e-06
418,8109,202305270432,738434040.0,True,2.322972250112798e-06,1.5255997141139233e-06,1.4894344531057868e-06,1.1744108405764564e-06,False,False,False,False,False,True,False,C8.4,8.474115e-06,2023-05-27T04:35:00.000,3.0,1.0140446420336957e-06
419,8137,202305301015,738714000.0,True,6.81416076986352e-06,5.285073257255135e-06,5.5154132496681996e-06,4.271158559276955e-06,True,True,True,True,False,True,True,M1.3,1.3681116e-05,2023-05-30T10:22:00.000,7.0,1.3192722008170676e-06
420,8138,202305301335,738725820.0,False,3.2045768421085086e-06,2.7429621241026325e-06,2.744483936112374e-06,2.546311634432641e-06,False,False,False,False,False,True,False,M1.4,1.49036505e-05,2023-05-30T13:38:00.000,3.0,1.714651830297953e-06
422,8140,202305301643,738736980.0,False,5.9346184571040794e-06,5.190584488445893e-06,5.339262315828819e-06,-1666.5,True,True,True,True,False,True,False,C6.0,6.090118e-06,2023-05-30T16:50:00.000,7.0,3.699504759424599e-06
423,8152,202305311223,738807900.0,True,2.6949858238367597e-06,2.613289325381629e-06,2.7824341941595776e-06,2.6730101581051713e-06,False,False,False,False,False,True,False,M1.0,1.0494938e-05,2023-05-31T12:26:00.000,3.0,2.47702928390936e-06
424,8174,202306020232,738945600.0,True,3.6265485050535062e-06,2.8330389341135742e-06,2.8740766992996214e-06,2.3981219783308916e-06,False,False,False,False,False,True,False,M1.5,1.5376632e-05,2023-06-02T02:41:00.000,9.0,1.8093062408297556e-06
426,8207,202306061855,739349880.0,True,3.695891336974455e-06,3.18699221679708e-06,3.231885102650267e-06,2.8777492389053805e-06,False,False,False,False,False,True,False,C7.5,7.5030603e-06,2023-06-06T19:00:00.000,5.0,1.7507902612123871e-06
427,8213,202306071825,739434480.0,True,9.096957910514902e-06,8.177458767022472e-06,8.448373591818381e-06,7.459395419573411e-06,True,True,True,True,True,True,True,C8.7,8.7854305e-06,2023-06-07T18:29:00.000,4.0,1.1571692084544338e-06
429,8256,202306131730,739949820.0,True,2.8079234652977902e-06,2.0706736449938035e-06,2.0695163129857974e-06,1.692114437901182e-06,False,False,False,False,False,True,False,C6.3,6.356464e-06,2023-06-13T17:38:00.000,8.0,1.1250131137785502e-06
430,8266,202306142029,740046960.0,True,1.8109102484231698e-06,1.546296175547468e-06,1.5585806067974772e-06,1.4052670849196147e-06,False,False,False,False,False,False,False,C3.6,3.6498332e-06,2023-06-14T20:37:00.000,8.0,9.318331990471052e-07
431,8271,202306150313,740070960.0,False,3.7389222597994376e-06,3.04051809507655e-06,3.179632358296658e-06,2.531815653128433e-06,False,False,False,False,False,True,False,C6.0,6.0104435e-06,2023-06-15T03:17:00.000,4.0,1.2660250376939075e-06
432,8283,202306161952,740217480.0,False,5.63584808332962e-06,4.799574071512325e-06,4.910601546725957e-06,4.220152277412126e-06,False,True,False,False,False,True,True,M1.0,1.0530164e-05,2023-06-16T19:59:00.000,7.0,1.3182213933760067e-06
434,8290,202306180025,740320200.0,False,7.6287719821266364e-06,5.524746939045144e-06,5.765528385381913e-06,4.215412445773836e-06,True,True,True,True,False,True,True,M1.3,1.3264054e-05,2023-06-18T00:31:00.000,6.0,1.8303122715224163e-06
436,8302,202306191206,740448540.0,False,4.928667294734623e-06,2.9261175313877175e-06,2.7149799279868603e-06,2.1667633518518414e-06,False,False,False,False,False,True,False,M1.1,1.1881611e-05,2023-06-19T12:14:00.000,8.0,1.7879020788313937e-06
437,8328,202306211531,740633820.0,True,2.8826507332269102e-06,2.3461477667297004e-06,2.3225722998176934e-06,2.092169779643882e-06,False,False,False,False,False,True,False,M1.0,1.0018185e-05,2023-06-21T15:38:00.000,7.0,1.5678609770475305e-06
438,8354,202306241211,740880840.0,False,7.043541245366214e-06,3.6423653000383638e-06,3.5767059216595953e-06,2.2182209704624256e-06,False,True,False,False,False,True,False,M1.1,1.1348791e-05,2023-06-24T12:17:00.000,6.0,1.2300620255700778e-06
439,8387,202306261608,741068340.0,False,1.231016813107999e-05,1.14284966912237e-05,1.197742676595226e-05,9.91798697214108e-06,True,True,True,True,True,True,True,M1.6,1.6185244e-05,2023-06-26T16:22:00.000,14.0,1.0866743878068519e-06
440,8397,202306271457,741150720.0,False,9.85757742455462e-06,9.023933671414852e-06,9.85757742455462e-06,9.42672249948373e-06,True,True,True,True,True,True,True,M1.2,1.27224985e-05,2023-06-27T15:14:00.000,17.0,1.1527077958817245e-06
441,8398,202306271519,741150720.0,False,9.85757742455462e-06,9.023933671414852e-06,9.85757742455462e-06,9.42672249948373e-06,True,True,True,True,True,True,True,C9.7,9.774067e-06,2023-06-27T15:25:00.000,6.0,7.709685633017216e-06
442,8418,202306281833,741249540.0,True,2.2067790723667713e-06,2.0299964944570092e-06,2.057061692539719e-06,1.9124095160805155e-06,False,False,False,False,False,True,False,C5.4,5.4659577e-06,2023-06-28T18:39:00.000,6.0,1.3825011819790234e-06
443,8437,202306301853,741423360.0,True,2.927032483057701e-06,2.4823111743899062e-06,2.927032483057701e-06,2.331346195205697e-06,False,False,False,False,False,False,False,C3.7,3.757884e-06,2023-06-30T18:57:00.000,4.0,1.1884958439623006e-06
444,8438,202306301903,741423360.0,True,2.927032483057701e-06,2.4823111743899062e-06,2.927032483057701e-06,2.331346195205697e-06,False,False,False,False,False,False,False,C2.8,2.8476347e-06,2023-06-30T19:07:00.000,4.0,1.9636506749520777e-06
445,8449,202307020229,741537120.0,False,5.993465038045542e-06,3.709687234731973e-06,3.606509380915668e-06,2.808393219311256e-06,False,True,False,False,False,True,False,M2.0,2.0928293e-05,2023-07-02T02:35:00.000,6.0,1.6993215012917062e-06
446,8450,202307020246,741537120.0,False,5.993465038045542e-06,3.709687234731973e-06,3.606509380915668e-06,2.808393219311256e-06,False,True,False,False,False,False,False,C4.1,4.1611993e-06,2023-07-02T02:56:00.000,10.0,2.5672095489426283e-06
447,8458,202307022119,741605100.0,True,4.187763352092588e-06,3.2606203603791073e-06,3.226986564186518e-06,2.7786093141912716e-06,False,False,False,False,False,True,False,C7.3,7.376426e-06,2023-07-02T21:26:00.000,7.0,1.927918447108823e-06
449,8465,202307030643,741639000.0,False,7.108671070454875e-06,6.2354097281058785e-06,6.1537530200439505e-06,5.905718353460543e-06,True,True,True,True,True,True,True,M1.3,1.37658635e-05,2023-07-03T06:53:00.000,10.0,1.7516745174361859e-06
451,8513,202307070617,741983160.0,False,2.670727189979516e-05,2.1004017980885692e-05,2.1674342860933393e-05,1.7241545720025897e-05,True,True,True,True,True,True,True,M4.0,4.0558723e-05,2023-07-07T06:29:00.000,12.0,1.5650247178200516e-06
452,8560,202307112204,742385580.0,False,3.4024986234726384e-05,2.9643948437296785e-05,3.0500556022161618e-05,2.6413306841277517e-05,True,True,True,True,True,True,True,M5.8,5.8560527e-05,2023-07-11T22:15:00.000,11.0,5.808088644698728e-06
454,8569,202307120849,742423980.0,False,1.90827722690301e-05,1.2972860531590413e-05,1.263565536646638e-05,1.0202729754382744e-05,True,True,True,True,True,True,True,M6.9,6.971211e-05,2023-07-12T08:55:00.000,6.0,5.4383472161134705e-06
455,8608,202307150943,742686600.0,False,3.924168140656548e-06,3.136909981549252e-06,3.2416999147244496e-06,2.6564832751319045e-06,False,False,False,False,False,True,False,M1.0,1.0685298e-05,2023-07-15T09:53:00.000,10.0,1.6915715832510614e-06
456,8609,202307151005,742687680.0,False,1.6324108855769737e-06,1.569855726302194e-06,1.577906914462801e-06,1.5284059600162436e-06,False,False,False,False,False,True,False,M2.2,2.2109876e-05,2023-07-15T10:10:00.000,5.0,2.5604908842069563e-06
457,8611,202307151950,742723080.0,False,2.210114871559199e-06,1.7009315342875198e-06,1.625774530111812e-06,1.527486915620102e-06,False,False,False,False,False,True,False,C8.8,8.80597e-06,2023-07-15T20:01:00.000,11.0,1.3565265817305772e-06
458,8620,202307160816,742767840.0,True,3.408242264413275e-06,2.596468902993365e-06,4.2308997763029765e-06,3.2873158488655463e-06,False,False,False,False,False,True,False,M1.0,1.0906236e-05,2023-07-16T08:26:00.000,10.0,1.7621274537304998e-06
459,8621,202307160831,742767840.0,True,3.408242264413275e-06,2.596468902993365e-06,4.2308997763029765e-06,3.2873158488655463e-06,False,False,False,False,False,False,False,C4.7,4.7706894e-06,2023-07-16T08:41:00.000,10.0,1.9624774267867906e-06
460,8626,202307161457,742792020.0,True,2.2168349005369237e-06,1.8973449869008618e-06,1.8723025050348951e-06,1.724382286738546e-06,False,False,False,False,False,True,False,M1.7,1.7931845e-05,2023-07-16T15:08:00.000,11.0,1.4538511550199473e-06
461,8628,202307161736,742801200.0,False,4.023569272249006e-05,3.659505091491155e-05,3.795134762185626e-05,3.285407365183346e-05,True,True,True,True,True,True,True,M4.0,4.0221756e-05,2023-07-16T17:46:00.000,10.0,1.9007078435606672e-06
462,8650,202307172204,742903680.0,False,3.387219067008118e-06,2.994397391375969e-06,2.973657046823064e-06,2.833776079569361e-06,False,False,False,False,False,True,False,,5.9608096e-06,2023-07-17T22:11:00.000,7.0,1.4430743249249645e-06
463,8674,202307191049,743036040.0,False,6.033452336851042e-06,4.098281351616606e-06,3.997539806732675e-06,3.363492623975617e-06,False,True,False,False,False,True,False,M1.4,1.4046566e-05,2023-07-19T10:57:00.000,8.0,1.909859292936744e-06
464,8687,202307201940,743154420.0,False,4.299987267586403e-06,3.311783757453668e-06,3.3198107303178404e-06,2.7870726171386195e-06,False,False,False,False,False,True,False,C9.7,9.704376e-06,2023-07-20T19:49:00.000,9.0,1.4127491567705874e-06
465,8755,202307281539,743831100.0,False,4.111761518288404e-05,4.025163434562273e-05,4.111761518288404e-05,4.083608291693963e-05,True,True,True,True,True,True,True,M4.1,4.1089203e-05,2023-07-28T15:58:00.000,19.0,1.5393284229503479e-06
466,8767,202307300801,743976600.0,False,1.8662147340364754e-05,1.787224755389616e-05,1.8662147340364754e-05,1.7870326701086015e-05,True,True,True,True,True,True,True,M1.8,1.853159e-05,2023-07-30T08:14:00.000,13.0,1.5122615195650724e-06
467,8768,202307300818,743976600.0,False,1.8662147340364754e-05,1.787224755389616e-05,1.8662147340364754e-05,1.7870326701086015e-05,True,True,True,True,True,True,True,M1.8,1.8658828e-05,2023-07-30T08:22:00.000,4.0,1.6803645848995075e-05
468,8769,202307301307,743994900.0,True,1.7005176005113753e-06,1.590977603882493e-06,1.6159887081812485e-06,1.5097851928658201e-06,False,False,False,False,False,False,False,C4.0,4.0277705e-06,2023-07-30T13:16:00.000,9.0,1.281836148336879e-06
469,8788,202308011402,744170640.0,False,1.2277694622753188e-05,1.1437754437793046e-05,1.1456307220214512e-05,1.085073654394364e-05,True,True,True,True,True,True,True,M1.4,1.4365779e-05,2023-08-01T14:09:00.000,7.0,2.6741809051600285e-06
470,8798,202308021446,744259860.0,True,4.6491791181324515e-06,4.510724465944804e-06,4.553954113362124e-06,4.4177481868246105e-06,False,False,False,False,False,True,False,M1.7,1.7011036e-05,2023-08-02T14:52:00.000,6.0,3.050049144803779e-06
471,8799,202308021613,744265260.0,True,-9999.0,-9999.0,-9999.0,-9999.0,False,False,False,False,False,True,False,M1.3,1.344435e-05,2023-08-02T16:22:00.000,9.0,3.446242544669076e-06
472,8814,202308031147,744335580.0,False,5.218135356699349e-06,4.0967174754769076e-06,4.335094672569539e-06,3.3196358799614245e-06,False,True,False,False,False,True,False,M2.0,2.0773798e-05,2023-08-03T11:55:00.000,8.0,2.120215413015103e-06
